DW_CLIENTES;customer_code;customer_name
f0d79cacad15ceebd9cdeb57a2b80c96030c0ace382507d986368f90e5c56b02;10019942;LMAO superplace
9c26f8679fa66899e8f52086d5983af582f36a5e74200de9f80aa737350ebb4a;10025285;Transalta Store
3ca1d25ef7b9f6055b933e80fb587ac23f3086bed115ed211188ecd5b5c3819a;10023785;Satyam Shop
e6436a6760db2cf70aed3bbbcc93d73122c94c847225b74bcba8bfe53646ed11;10016588;Bounds Megaplace
401e5f6be58d288e09dc7da546cac0e7896606507dc2df563d7c9853a17f9cdd;10020672;Oki Shop
9b8dc1808384807db1309cd8b8f8130bca65277ecf36f90b4c6da9da74b39bb4;10009676;Pereras
9443111f32e92959414c46827376c4e001f4f439adaf11fbde438ba5b4c40d39;10004256;Benedict Shop
998f035549ed27ce6c2bfa65bff14c4c0fb089ab474608b5f4dfa70ab805cf1f;10022978;Relcom Shop
c170f7fd497df815eb3e6f190d477529d9b0d0a8097254630c61a3ad18eba540;10018867;Kari Supermarket
b480717acf718be37f1b916142af6f7433bc665203768d56e88fe31f39a524a5;10009885;Degolyer Supermarket
88dc1905a8b48c1e74cffc76446d71fe4709a27066460b9c788cf3d0d87fad9a;10021996;Pinnacle Supermarket
1386bdf7fbae8f4b277d2944f2b0a39d778d17c9dee4be10f3de0389f4c45f7b;10010884;EDC Supermarket
8ce0eeeb20681e5f5b9b265b7e244e0131d0d6f32048d98e4171e5df99286e06;10020909;Onestar Shop
0c5e2f5088e6d89d964e87f97c2190c55709dbf7d70904d2dfc5b572fa9e054a;10016334;Hobart Store
db23aad7ade68c3a4374b5ad539bd072895d125d8f85c48ecab706ffc84d4329;10018665;Kaim Supermarket
4f40701d8da58fd25a960039c97a2874642587e5abf705270a807ad7cd3834d8;10017054;Icon Market
459b31bc4cf87997bcc9decc0e371c332ed3f1bc9c87d4c4f17ce959ee45803a;10023778;Satronix Shop
ad45e8615132521a05a220dd6f9071e0fe6ee21ff9c42025df0932743a28dd5c;10012226;Fills
e2585d1d3d8f30a1d284e166a6af6d4853bf3d0056da20f764d7f3ddb2b296bd;10024725;Stone Market
b518282acdfde561016f15ad16a506f050f661a591af0134ea782e4a11df69d6;10023793;Savetz Store
06e704e0fd7f768b392ae2ca7c58ae68aebaea1c04a57c1d0936b47c1263720e;10027340;Zentrum Market
319b26b092d61f99f2fc54d6bae2ab9ecfef992d45ec3bb9b83b1813d0437eeb;10025049;Tao Store
3ba35005c3ed618f23a62cd7dba29958889c0a293e17911837e59d8e716107c2;10024003;Scientific Supermarket
3f74adb7a9bbb9a3fe01d2d28053f30339d6832f8b5ebe029802956f3c290f5f;10025549;UNIS Supermarket
c589033efcb098fac3d888039c23f11e7f7597f200c9b0d007ba9d9a4050fb59;10025287;TransCanada Store
3e6b68651d4b342ca36adcd2efed55563617401df1c0995ee0076e43dd484c04;10025778;Valicert Midstore
6c567e4753acc31aaa1613ed31aa99816667d3dc6b761de75ef233c442ef785f;10027119;Yurie Market
b007921da93d6a9d1af518c3845605537c30ffd75895508db7f341002eb89520;10019897;Livermore Store
3a6c5568491f7d557853c1530d4e4313f06ca83d044dd513371a58e409eb1b12;10007121;C Market
351232a570a60ee87c13980fa62a86f9de711754bf05f507698093c9b44911b6;10010717;East Shop
89cda791599723322ccf7b29b0acdc27061f7ffec0417473c664210cee2dce5d;10011732;Federated Supermarket
747f73ed41a83938609e5c77f790999f533c6f08da0f2bf63bcdeaec452bb3a2;10002220;ACRON Shop
7313edd5386b9ae632577094426f8b2b4392a37b9b18ad8b51a6277252b5f3c6;10027082;ySecret Shop
2a93a688e28116c6b79f6692be22e81d519fe26111ad8cf4cbf391ab69ff12d4;10015030;Hegemony Shop
9938181bd22c63b4600931d2a3451c0fd33262077112d08a6b95513c53492b22;10010970;EDP Shop
c71c96f989752ddfb3beb9df6117930d6f24a344f242414488b14768c77606a7;10008593;Capitola Market
15e566e83a974661c442a502a6e358f54e7cae6124973e94433cb90b7b33db57;10009672;DEAC Shop
d158d5fb0b53aab581321e27cd14e46a2b74365ac3838813dac3dd771fbc8ff4;10026843;XVT Shop
2d0c537e36fc08b14330b10dc8391b73fe7ab86eb4dbb3a53a51a56098bc5d05;10014043;Guarantee Supermarket
510545e3b1bf7fb88bc933770f6179c0eba3b770a11960efb1730ecaa8a349fb;10022687;Ravenwerks Shop
83ae0d7110febb59d18ef27153766eeb619d5e94c7ab744546c510687b912114;10000466;A2Z Store
6d291fd0cb9956d72254e0a469c1eb15bbfc3f0ff63e8febd2d5dafb7cd24c02;10020715;Old Store
8d963cf0001472232a48d4564bd4778ceb636eacdaff35e6624a29d9deb96371;10011521;Farr Market
768b8d438d2cdc34ed62ff6b077eabe6b6d7831ba4876d8aa4f6feb7545e642c;10019909;LiveWORLD Shop
b7713d5f9661057b1bf3979c07d22f9946cef868e143479d3eed9d7ce0da5512;10006862;BL Supermarket
db24b6636bf476d30692c3757007a79126c5b48ac618b32006507c4925df1037;10027050;Your Market
58e0801ec87d132b9a90dcdf9e1bddfd430816ab7c6034280677a6caf29ecce6;10024009;Scottish Supermarket
9f9bfbaea109c40a61463910e02b7c1de6e0211ae41768c6439449536b258823;10019400;Keystar Superstore
1e1e6f58559e537d33f4e81bc251922194f637375f71552565e541867f19f116;10024006;ScotGold Market
32491451cf832f5eecb201d175a601fbbb3502059edddcfffdacb0c571c8232f;10025241;TeamStore
c6ce47b7ea38f21b8f766278df93d6dc3b61d7bc400870f685054a6c93d346fd;10010912;edit.nl Shop
71a43000327a8b3e43d4a40f9d3d47a46aff5c4c18f2a17700a622fad4603e07;10021977;Pinnacle Store
22f19985e94cf2cb401fbd8f3b7fa56862b0d077b3b1a67dc36a2fbdd4cc1002;10011198;e-MDs Shop
95a7842aa14145b030a9d1a015f5200f183d4fbe0084744cb473b66915828eed;10025289;Tredegar Market
38009c37735775be734176648c8d31cf7e6d76c4921408b0322fe3b5378aaebd;10025250;TICOR Shop
6bd3fbd718aa7969943c20e6024380d72c36b6906613847c99c94a5ea485fc5e;10025302;U.S. Market
a4c8f3659bf6ece1053b7033408dc197cd5f8dae53710f0447aab4b8ac05f999;10009653;DCP Supermarket
3226fd6b7376a181a94b2d5a1fa17572162e7fc07636f9d839609fa07437db7f;10027583;zNET Shop
17a6ada2a1965b640a923375a5ccdc53656ffcd97594ef24bd3dfd8f908c19a8;10000473;Aaron Supermarket
853d29c559029dc3f47f5ef54b245d4b3939260a0d736263dff2538471d3645f;10016542;Holy Supermarket
974344e7cb07d04bf4e66d0ff3909e3b11cfc1ff5c49d37b52cef1c5b6603a9c;10026839;Xtreme Shop
f705607fc507146322e1e9828e5e892131b2f96c9376af5ee6c236f521d1eee6;10026355;We Market
a56d7d100ddbe2243a38b6bc68b00d7485db9ce530f6a07c69b9951d9278f5c6;10007120;Brinco Store
8b6e988e12906e6b5aac311b297651eb3b00758b0213a61d68d444d401361f27;10009669;De Store
a795724dfc90bfb39bf45e15565df092a0c1a9debb5f77dd8b6c0309771e8d0b;10010906;ediSys Shop
c840de4786303e8aae36c9ecd2a8aa0c2e26ea068ceb2456f0d3df9c8547f955;10009639;Data Supermarket
46fa5b7fece1958a065e004feafb851ec6d4786772fc2b60666292efe1be2088;10021158;Pacific Supermarket
800c0bba46a35ae6e51b9ee4a4ce3f7c601ddf5c06127255ca5c40d3ae2057f2;10000478;Abacus Market
cfcdf03479a6fbc0206c42e8c0785d8e8360edfd4487f41ac34555f4672bc4dd;10019105;Kensington Market
1ca60692bd471d4b28626175310426acf0084351040453da4ea62651ed0fb275;10009623;Chas Market
473bae6e53aa45632f97267a50fefc6778459d1c3a487809aa8394a88d1dba36;10014540;HarveyOpolis Shop
622215ad39971d800a75e0d04c15cdc4dd384a04778c503fe8a9b2e434e5e38f;10026521;Xcert Shop
7408b9c6cb0a6a5259a28b1582d5d26b3d761daae5e87471f16abcd3edb5fbac;10012761;G.R. Supermarket
80e451fe405331e160df0c91c6c6205e872f183e0ce01d4846514f8b9efd2b41;10021139;Pace Shop
e97b23e8af4fcb33159747b80c25e4d895867ff1535736cae0bd8da4d2f2865f;10025063;Taroch Mexistore
d77f0c86a87baa4650f9009d6bb8aa97f48dcba43cf1e009bfde409c66e44b7b;10021415;Pantech Supermarket
40adfcc06743dba24b805baf2a54cd8bbc7e9d8ef189e9b2025216e3f25f295f;10002501;Action Supermarket
50513f6a00025dcbf04a60d2cbfea318e7a76ec2a482c566a1b7210e08a1297c;10020907;Onebox Shop
8310d327d8032b1386ac3820a7551a4a53b6b039303946692e6349dbf41deb6d;10000472;Aaron Store
7e0379936c723126ae876fb385397ba5cc63aee36a42ff1627be4ed4486cafc4;10011997;Fibronics Shop
74d0b747933afd9f72d2ae79319c5c756a08b09eebf588e55edff1f8906ca79e;10025771;VA Supermarket
8b4f3b9a3cf9e6b196de63628b19a19503c892b47a2d66e0973df39e4bbd1d05;10009156;Carden Supermarket
c762726e0a6ca199ed9bf803228d9d92d736d916df4aff33ed4ae2017886f1a2;10025571;Unitec Maxistore
c8b66f9f65e5c5644bf61f82519bcd147ce24a84ab8c57462a77b552faef3702;10009679;Debenhams Supermarket
ccd396133b67d713dfb6359ca4db8c5e7d23de6aa1c98798404ff30b7f1621cf;10009654;DCS Store
ef953f37f91ef040bd7069e32489d7418d90e11d1b58698b89a6069f9dd53f91;10021203;Pacific Market
b2c0ab1a86bde25e9106cc8eb405be612da428896e4d0f9d817dadc3eb3ba242;10010886;EDGE Supermarket
0ec5acd23c897d44edb4d864d95aa35a2025b64014eac32daa22d6de9c77e2cb;10022750;Ready-to-Run Shop
bc74366b36b20e497cb1d5f22ed6f1e13432f90adcf700b077fe245b9539c99c;10013188;Gartner Supermarket
c6efbb6a00571a260f9fa46851f5f744bf09f9727943baa3889fa15261c4ed2d;10017576;Illuminati Shop
309f107289d6264fb04a4a6539a72bb89c03e8923b4eb8d5788781e01e6f33e2;10025791;Valley Market
d08631f99f684325e86afa38594baa0a4a28e9eac222196ec27a1e5b3e45ee68;10019678;Laker Market
b51af642f2148351107b3ed8d6d643e731136b67185e4cd500aba30ac87a9cf8;10023524;Salias Gigaplace
3b895d452fe2a59f4b88a75718086e88c5ec859b69d030596994eb2a2b9d7616;10025238;Team Supermarket
5aaf677e61efba98db3381c898b5702a5fca2f33948e30847a8ae10419753639;10010935;Edna Megaplace
8a146e3371bc6feac1428beae842182a2224bae89fb089b30d3ebe30ab6cbab5;10007117;Bre-X Shop
039b887b4dbe903c5f24019a03ce20be9c54dca0c7c543d2b22ca0d9f415c97e;10024270;Signatures Superstore
45ef707225bb1da622f37e0ca5c41fd31d6e24425c971f4879dd9ff07f55f38f;10014804;HCS Shop
926e22de4f649edf41a96cb56e330060828af777c81804f4ee04e84ee657b656;10018871;Karsings
3ef84262cc2c62a09476f701dcbbbf5395357627157daab7e2e6fa783e09c780;10025264;Today Shop
bc419693ac240db09722ead7144292dc7aa444f8886ed26d09c74ac33f5aef2b;10025296;Trust Supermarket
598e2fea75a0f793746dc1d58932488b5216acd3ef17fbc15fc55ba2f76f13bf;10022746;Rdlabs Shop
15d23b275cf2c47bc2e0217b933b32adcb745d94d824cd21c54d949997e6c011;10010887;Edia Shop
e52956b1db3aa5557ea00a456ccd0a67e554cd5bc69dcda631be0792edc5b041;10007309;Cadtex Shop
ae90f11136b97659b436aa14375edd5f4076fc41ecaa520488ba8c7ce95b603b;10021470;Papyrus Supermarket
824accb9bdd063f7c1ef65a1de3a1f3162e5834b426e7de713841a4adfa71537;10018363;Jones Stores
663d281e6d33c1b9cc69235729232d9781673a8e79c99c36488344a892175698;10009652;Dci Shop
ffe3d1c05845a592f49d9d46439ba92ea60eebd960152738454dcb5a355883b8;10025061;Target Store
da1375f869fdf922d9fb8813a5615b79e304298d7f47f32be85d6b0bb07286b1;10026081;Ventana Maxistore
2e28f85d05da845af653287cd371ef25fed3105563bbb4917180423d68a339e4;10000453;A Supermarket
f82a3c0511a829903671f497d30e723a9873b5f1191efbe84cafaa27a11d737d;10022470;Racal Store
4a83a77e75381d655828dc23a16eeedd00ab3081df598eb9a987d4edb1f16244;10025919;Vanstars
1696be261c81eb5ec795119ed9d0fb4c6e4594e0d357cf0a7fd01387ac4ab970;10013472;GE Market
ddce91aea9fc8503bf8b53f93439eff8e2976a20dd2d2ae33ac0a2e4c49075de;10016549;Home Store
266b908036ab69721b719919de4298344e3a7affcaa72cef9eaa1915fa574cb1;10025239;Teamaker Shop
1247459b453370df6d4e6744c982f5e8ada19557044d0749de6c4653ebb36001;10025304;UBF Shop
ba5bc136a2067dded5d2d4c3bc2185e09ca7656a041777fd7e8884fe030bade6;10025299;U.S. Market
1f94dd494ee82903c72a84ea3f420dbd058482084ec797502a8f532ab0a3ff72;10014238;Harbor Store
5eb18610a092008eaa182f51531c551cc6a2cbe2fd68d263256f1ae9dd26ee2e;10009356;Central Supermarket
c7ab48d6d9d5a83ddab9f3265932ea77e5ba199975bb382841679ce3deebca00;10026009;Vectrix Shop
4661b8a93dfc6afb64a34c915a42714c2cc32e46675c5bf56ca4e04bdf71b8f4;10016045;High Supermarket
850428d6a30cc816ad89440ac547a4d4c38c8c2d678c603400256e176f957400;10027575;Zitel Shop
b08fb763d6e9f6fbff63fa1b06a5b1430164977c40f7bea91bb318463119bc64;10023513;Sagent Shop
2dda074f0dd9356cc2c1ab35a4f4cb5342801c42b73fdedc23fe761c31468e09;10026606;Xilinix Midstore
8de36d483dff3de7a7bd66c35945b7bdb19ece70dae9cfab4840713993162c2a;10021986;Pinnacle Supermarket
36210943d2af026ebc1adc58bfceff407a0a5701c36672548923bfe21fdc458a;10013232;Garza Supermarket
9d2d10ef51cccaa0e61141ac0e0aa95945dc27e358d1dd2e9e9ec8ee1aecd41c;10020445;N.Graphics Shop
0dbcb57cab5aba7d506e97070d1590caf71d83af8ceaaff960bff4c31c11d7ce;10017036;Icon Superstore
19804e0a1415e4cf71bc2bf1e29ddf25344600c11b3e2bf5aeba66c2e48c9ac8;10022249;Quantum Supermarket
cdf2d773e935089bdad2e4d6cc1ac053b7ee3ce11743095f70e03f8d8afedf5f;10009633;Dan Store
fec7d6267cc8097936b7b03d1f3724384b346f8b80c1b3c80a8d2698b1fa61b7;10000481;Abbott Shop
a381e5913bb92cd47a2ca02a9867d66e2b4d23154ad6ebb4739761528e7976cd;10020639;NECX Market
f5ec462cd486fa9a0e94bef86c003c5458e081780578886c808a3fab7dbcb93c;10018644;Kabbalah Shop
babb63e181d52cfb4f8b5e16ab36a438a0c3a9537c5132217daea8a00eeafd53;10013011;Gamacles Shop
361deab4cc8526c8bd237b689e2e716e33d0e912723b79810a033a3331c9f12a;10008893;Caravelle Shop
bfdf3cd8ceabbe178a89d436baa6b3e5e08873b4dc7c92b799638eed3c1c0aad;10019617;Kool-Seal Shop
aadc3ef01d1aeae609c7c526455571dd44f1df38fa0fb70f428bee70fcf8c46d;10011734;Felidae Enterprises
a40f2fd738c8fbb0a5edf68b402ec8d43b3ab6bca57713387763be89d6c40fa8;10021459;Papyrus Shop
f0ff150d93fea3e8a7e78408418c4ef196df85708c5d079e033563a016ffa5f7;10016047;High Store
4ee725c69a383fa05e79fe1f7662fe9f6f287fba8ae088dcfe802da7fc3be19c;10016807;Ibis Shop
da46c8f3dbf90bb0a6ea5f1c5a5385cf51293f5f71c2bde21c293ff59148c98d;10021418;Panzl Shop
8e1ab47e6c2042d5da192130e73e4d2da28817c278ddd35e7a3f9f7473325fb8;10021223;PacificServ Shop
15bf479c98af6368a0b151af3d2a7a775eddecf9283baa7c7090b54f08e80ac0;10025814;Valpatken Shop
492b1ae4f45c38f8f8c3b1a0e7442f3d13397c4ed3406771c988801bf9b0d150;10012425;Fins Shop
2059ac18e07fc1e5321a5a0e8aae4534374907bc4761fff171e401b77b370cd1;10009907;Del Supermarket
71c1129a3745c582537ccd268cd9807579aaf437d73118cf1df62a653b827126;10023471;Road Warriors
75f86a17ae2d152d173c5d9181294e6faa915643b972ed10917447c63229218b;10002240;ACS Shop
0f100d0e3219b5483fa3939711400e8195126b30f5c6d21716644cd3dd43f64e;10021145;Pacel Shop
0874ff0bb5d16e0a5e39967f3c7101f5a03877cccf69e70992a3e525ddbe3088;10025246;TECC Shop
b5de934b554c0f5359f2de4c39f9ea522f25d46ff98ada360d24e26fde997657;10009650;Dayton Store
8fa19737ccb66ff250e6f70a08ce992fb75ec14f735423b27e4b5ee16236d114;10025023;TAL Store
67007e2a3fa8e2f41418d48f481c621ae1348bc4180a58a4616d4da86d8bfb42;10009662;De Store
f3b714f8c0a3b805919bd396e06a31cc1b7f65cb66b9740257f3316056cbc133;10020662;Nematron Shop
eee3b07e40e3bc5fed0a313ee96aa5f1b82f9d182ffc44fd9dcab2c22858e109;10021936;Pink Supermarket
4526e813e7c63a9c80ea20adb99c8a6acdfa97526e34c4be9a11a1f429cb163c;10017553;iLanguage Shop
9876015bcdedb44b60625610b9f2c5c513f95cc1c367b13d2cc83548be856780;10021222;Pacifico's
7d6bb66872b35750d2a1e9024981997621b5a767acbd220b70040dcf4d5d650c;10025269;Toledo Market
34a7c00c1664f9969bf4011cb47c52ce7fe170e926645ad6d5ce133b0652505f;10004255;Bendix Store
58b15a268688f9c6743b428874e09f4007e47e52b94955a4f6bbdb01ce17ee4c;10011724;Federal Supermarket
903dff9454c3ad93766246080f4a2e60988d28dd9b05f93207b7614be6dbf6b6;10017307;Idyll Store
30fd910861d2ba865ba9b0529e1dc457e970c875794e0628b967776545adb0a0;10019420;Keystroke Market
5bbd461824ed08f5dc6a96e6c02086ab0ee2aec2b18bb2f4f10ff0d896684a93;10020927;Outbreak Shop
95632b440301a4f85e606b76a211bdeca94b6744bb48aa1ba4e02c4362f4d8cf;10025022;Take Supermarket
2eccdc18338c90845a68c4ffb6e6e0e94d62e248d5ce2d820e92c15cfc59dcac;10025247;Telesat Supermarket
bd3b621a2caa237f38906d8507bef236368d97fda4720976925300735db0d789;10025575;United Market
2569f7cba2d048763d202a7e41efbd2cee781e9ad451f1d11313ddc3b549c36b;10025021;Tailwind Shop
603c6c490e5f97a80545da468d261bc414e5a73e82d6bfea70bf76d10125a9f2;10024262;Signature Shop
d22bac6cbff40a6d8a0304f3050ef07e617095ec98648e5b65cdf7eeeeff6361;10017585;Ilog Shop
325d2ced60dff6b85d23f4d30a294689d2b9698aca225088db80f64a9c266bd7;10020393;Minneapolis Supermarket
3c6343b2e8a2ff8ca8e3363b23f4ea366a624a14e8c58faeae2d59d6013df3eb;10025515;UniPress Shop
3d92d90eaa520cc9c7f9f3582113c8b98b1834bf13ae638f4f5e79c78db06141;10018580;K Supermarket
359753c068941cd0f12f104c4ce50dcd48f943a645011f4caeace897bbf6787f;10025038;Tanager Shop
9b74066866a6258f186d3dd2642847ab0fa033bcaf8b7634844854d9ba4ef448;10000601;Radio Market
5cdb333d3bd2c2ff2d60756a4cec9c8a0de9b962fdcc2ee50dca3e278e79f424;10022764;RealiDyne Shop
50103e2f16b23575464c56c18580f6317859e952b138268d63071b255949316f;10018129;J.M. Market
e1e1043156dd3b023cb3d4833eabef178a77217c7bfde6ba5d4e7ba67a9821fc;10025032;Talkland Shop
91888aaa0a9520d8f5d28c3bde9c0f174eee72cd9e02ddf7e8f54cbd9c85f005;10000480;Abbotsbury Shop
b39dbb25aa22bc3cbc5bad81e8d5677085ada14bce9795c4061d70e36f66d286;10014533;Harvey Shop
2e068e7647b49af2dc69d4b16b1dd40e95cdb8d58b30882ea7f114b16e6d2849;10022755;Real Supermarket
51edce8af458bdf846c481318c09740768f8a6ace31cd32420b22a04c07e2a26;10020184;Matradi Megastore
ba10cd58685542fcdc0c4d63dcf960ef81119109c9b85f6503cbc2248fede5b3;10002969;activeDesign Shop
c5b544001dbcc0d92feb26b1770e29899adac02ce60d92ed86600ccd37b9d027;10002709;Active Store
7aa4273f8e89dfc70f3442ccb59842ce267e4d74449f7ad005ddeaa907e89968;10021204;Pacific Store
fa868805a3ec379af0c1813ae77f0d1c444b83ce62f39b41b18f6d5fcc91c66c;10025291;Trend Market
639c1436dd588fd77cda624325b26dce0c347086fea7bdf18096e88b6a79f21d;10006093;BigJobs Shop
02bbcb63ddff8459182436b0ce4a081620bfb4503424a3a84611f294009e427c;10016858;IBVA Shop
5506a55b97c8ae23f5c943a3a01122a535f815d51e0a746d6917cb764cad8d4f;10021184;Pacific Supermarket
e19ffe44443f939c418bedb03e816142348ea10bfb1b5166ded1cc403b6c119e;10013509;Geac Shop
9b24cc033b2dcaff5abfc42a3427c7029f7281adeb3d9091295fd329ba644340;10002506;ActionWorld Shop
e2f7d57654fd9bffa4c780e56ca71e741ea6a01339592394d442fd286cb7bb94;10020684;Oklahoma Supermarket
1bc6f8e97e765a49ef1bf61b0441948b940f1671f8e2b278cf49e694f7091153;10009657;DC-Works Shop
2abf23612c743e6eea39019467386d19f1f5b71e33539cc466ea00dd13e92e88;10013765;Gemini Supermarket
b5a773f416081b91ecd48dc494a9ac9688d3bce531f585f802840c0059521a0f;10024541;Southern Supermarket
76b6fc36179fe7f4c24b6fc7f9518b0fb3f97e0d99dc33e5f34e45455961c673;10012235;Fimetrics Supermarket
87b317a24715902e27fef3358eeba7457a385717f6ca4822e56ee0f0ec7fd6a5;10019880;Litton Supermarket
69629c2e301abf2966ead202a01880bf062a5ce26531dc25dcb224f5dc4429f2;10009647;Dayton Supermarket
0e4420f9f7ac532a6f162d2b98405712237f889f0939f18344320b55302b1048;10012422;Finishing Shop
3d70180d25915f7da430a71aeb7d4c4476af072e85c69603701b1d6021089b00;10014047;Gulf Market
ee8f3415e63547af4260a2a57ae1809fcf696a9be8c710566e9a90585f9388bf;10000461;A1 Store
e09d876204c2cca1d158ce8fde8dcf3f2e9760c0436abbd6d9d02513e254840e;10022252;Quantum Supermarket
1d6dccadde617fd9f4490b0aaddb2a855095a938fb6514f7c63b79363db1d84f;10024999;TAGnology Shop
d13f4f8ab2a237f41e19a25768958b9b0a9a16f68419b524d95673c416ee6f10;10023538;Salamander Supermarket
2daae08bd425e684bb65479106a285d2bd08cf953b4aab23a088ea352051f132;10017290;Id Shop
102a221d86a7b4dad57fe55a28ee02aa373ebfaa5e106bae987fcd57c84a638a;10022167;Quallaby Megaplace
fe82b18a59d8686eda7cab71b510733068925d4634d7e1d1522c41acb6fe4b65;10009643;David Store
4105939e5d64f39896137a9ab7c66db0f4410a3c004c1d4ab5860eed504febb4;10015793;Hetrick Supermarket
e16d4aa34dedfd82fddc6e065e0355e560778567ec3a69d50f348a97a762466e;10026006;Vector USA
f641859ea7f8ee7d6536edcd8030ff94c6ef4e6a3311c20268141e1b604dc2f6;10023489;Robust Store
224aefeb3997c0a9bdea7b54687164ab71ababf46972ff032636d081aafe045e;10014264;Harbour Store
76476d940deedf2e123432d789f0a5adf901becc63f5bcf1d09ed76a09cc0042;10011979;FiberPlex Shop
7e5294ad5dbe3d609612af3e3b4d8cabd7f2fc288b56a75e7de17a418a4a5b8a;10022423;Qwest Shop
2dbbb6296bff28e83b150059994b212d44e81c14f0dfaa76243833a4961ab081;10011398;Ethyl Store
3773bb9ecfb221877235da57fee3497075648d5c806da48cdb59d9f6594d3238;10020914;Onetouch Supermarket
81008eeabe3272b252cd71251ed36a85ce80e27644de01aa63730a4e067a193b;10025508;Unimedya Shop
975fa29e173b684ae85c440ab5d2b665e501fc6e1c4d5dcf89490a7858fedb33;10010923;Edmark Shop
c57738ec44baade2a0e1517be6a7df96b4b4e9921debf499db91cf62566a5272;10006846;Bizmarts Shop
cb8ac56597e42b40f5eecaad3ecc3ec9ecd579045de01c4d554a104cfe3c8dd5;10010914;Editor Shop
b88b655b3730f8678b94086d3f4e2ff01ee149fbd8ca5725226859d541fb6fdb;10021485;Paracel Gigaplace
24d855bc7173a050298d342a2d7d0b7259814a832b3640d49a73c838751d554c;10027560;Zilog Shop
f384c43cf7e966f4a38f8b89d1a5498658f8d3eee6a0a7798138455c2e9fb925;10014810;Healtheon Shop
94ab0b64040cdc17a8ef0d4b06fd814d73bbf434dfdf73cd6bc2317c3cc61344;10025305;Ubicco Shop
97a6307eb8093d2d1277a06b04dd4f998a9ab866dedef9e9c46fb3ff7a5bf0d1;10007355;CAF Market
f48ec1b8d2fdf2fa319c7edd6cc31bf8df2fc554368ef4494ebf1f21c4e55b9d;10018868;Karickal Store
397cabcf0b107dc4a13ff5e2c1980f913bce7b9401b05f78fbd5a93b49f8e846;10006805;Bitstream Shop
c4ea4bfe9963678289e96d79df46fcdd94f0e7b1ad8af862a87772c7d179414a;10022431;R&J Shop
a3eebe48243efd7d6e1fc3764d247c3bf4cd518dbae6b1b07910bf88746d6076;10024260;Sigma Supermarket
41cd6cd21147f0e2f467e2dbf345adbf7e70ca3cae8314ec9612cae589e64366;10000456;A&B Shop
82163578840b994d12f1c4b78b50007d8921b39f1ee38c2485e966b46bdebe84;10025040;Tangent Shop
6d77d4d0d48b40b19a1c802644d112bb84f5d36918792d9c769024e49df2deaf;10002244;ACS Market
039520bc52df5e1d2be2955d7cca18873fad569bd2ce0f2798673c9384f02fed;10008602;Caprica Supermarket
509fb14ecb231b8d98c195ee3f1dc74e223c8182258949e50d4558c869420e56;10009660;DDR Shop
281a14149c2684ca37492903940d17062ed6d81b085d4cc02cc8463272b3cef8;10008134;Canter Shop
bcdc413ffae27c6f9e4f0d275b566547d32b024d0c11950bc93a797173c00ec6;10025252;Times Store
4e0aa10c68bfe999f1e3be7fa198a8a1a1ed78a2eafb6c55439cd88ed2949390;10002746;Active Supermarket
4f955633dd98c8ff740659009276712d986631792a1726c4161e27cef91eb34a;10023760;SataMine Shop
66610b1e849810d13460c920932a247b36adaffd94a94c2b6a7bdd721611cd9f;10007577;Cam-Built Supermarket
66a8c698aefc482c00df529fd4381c076c93bf5a32916f36be6d12d43426efa8;10008638;CAPTA Shop
3a6d5d46fefa1a6cd11b10d6db7bf9afcb483da960751b2b44adf9baf3564094;10007122;C Store
d0d24c7e2929919bd418f6d9c15506cda61c36d280d1b6d134748b35a54a0275;10007591;ComeStore
a2179324ffbfda0eb65791efbc75757661fa2156bd8322713a880ca33dba4fcb;10018885;Kawneer Market
1f66784d6c6ba0d26794ac9695aac5325ae3af2ee16bd668038140d73306ed05;10023022;Renaissance Supermarket
96ee6c2e682a903b410b562891cd8327f81043480f263958ff5e411fddb2bce2;10021668;Pathlight Market
0bd862fb6db3ddfc8707daeffb6d349c715bc0b4b31fe7f6c929889821377dbc;10000474;A-ARVIN Store
c9d3ee58848daf88b4ccfd7a415c3f2d35e035ddccfa91fb2e8284bf2763b07f;10023511;Sage Supermarket
d3c956320f33542dfece448ba6d4cc008166541078897d95294319e2120dbb19;10000469;A-2-Z Supermarket
a97b7a791cb614a7153a56eb6689f38900b1ea198489e02bb084dfbcd2f888ea;10020390;Miles Supermarket
6279d6e1b06cc0c7d6197e6906dd4e8ac8d4b70fd02a3ebdf80f850bad0de75b;10025288;Transylvania Supermarket
8661877d200c48781de4195dc81402e7aa8fda392769f99cf158b0a008e5780d;10009863;Deere Store
a7383bdafdbb2a6407c02f1c1f07526dc43b970a25fa65d0571367dceeff47d0;10014779;HBO Supermarket
bb589bf610d919d0fb76b67e74298960ef96082d890f6c5e884caff01bee32e2;10002765;Active Store
a7b3f26992ea87265338d23a4cab89c821ae71c0d2f7e771175f4383c42ebd69;10005006;Betacorp Shop
5850c8acb37cf3ec1e5e02ef58df131bd48581fb18ac1e97d6dc44116c76268e;10014739;Haz-Mat Store
e5a0031cd519710eb61586889eb5fb8d3df4017b13715b0bca814143231ae93a;10014546;Hauppauge Supermarket
957669d1f5c7100e33801a3c6b87eb9261a6202df7a5cae8f89cdce2066f2573;10025284;Towmotor Supermarket
1afa23d14b1e29471311117cbb8fd71ba7f0056fd58fc3dc69ecdef59391586a;10022490;Racal-Datacom Shop
86c1bdeaca08ddb0a44692430d49e5ad9f2ccc799cc099aba449d1aa82669c4c;10020446;NACSCORP Shop
364e3aa4c25bd859d209820a1f64ad7dd050b8e3b7f2a36c8726c3c0c2058db4;10018877;KAT Store
0abc789a5aa6c3f786fae5b23ff4b6343b1bc220be9a4ee2f9a08ef60e92e560;10026336;WBM Store
8d81e68964e27307038fbe9f1005ce3abbcf6bbd32ddd0f555926ed8b7d4bf80;10025552;Unison Medistore
7c8b361c2b2bdc20eabd83bfc2373ed53c35e6aa4c0b3aa994d48279fbb29a20;10013252;Gate Shop
714fc52430c81b39d6c31e5cb82122dc9fff51b707aba374fc843feb4db2b31b;10025037;Tampere Shop
2130c64f73d2849b6175e6c7248a753b8a7d0465b10e4dbd928b7aa1b4ba338f;10025033;Tally Store
9413b6d6bf754f03c15345803944b283fc6469693fc495e987f65bfbfc8c5184;10003720;Age Shop
c81c02919157760f0221f3d24c8f39adc42193b3fa7fd93d5ce3eaf78915c984;10025036;Tampa Market
d9ef7cae7dfa5a3a38fa62fee4a5c68004103c218f36857a6b2ed40071b38c61;10026299;Watcom Maxistore
b1b27f32446a539959025acc06df54c891d8fc6b081d2a6e489eaeac76ccb618;10027356;Zero Market
53cce23a343c0a830afed519c6651aafb401e52dc637dd1375e8a5a32bd12f56;10020388;Metro-Goldwyn-Mayer, Supermarket
3249acebc86f1888319d4c6fc9ea8285586359b17aeebb657c4ac4396fb51b93;10025249;Texasgulf Market
f50a49c25a3f6a6fb9fee69061dd53fbe1fe374a99d6b33e91284f26c1fb73ad;10000471;Aadast Shop
0c034bad8d3285643659a2291a59a24ee88993bead08889ea9eb938a6d49c2b2;10024255;Sigma Shop
dd6f82a57faf90fb297d224118a444e776944a32a4ff7747721ee86fefe3a5ee;10009606;Champs Gigaplace
a194218ffc9d2ee86ca40095398ddfec4d41b06477a064867558b5b8feeb89ec;10026532;Xediom Shop
8898b052b91b1438243fda28e7fe6da0d2c663a08b512722ec00c858761620c4;10023235;ReviewBooth Shop
9bd6b0a9e1c42bdf541f20bb0b9c137dc40827976a236abf0464f0c098ca54c6;10023780;SAT-SAGEM Supermarket
a9163a36e97b6690a2fa927328a1ce08fd392bd4c8d5ca32ea8eeb0f1c8327cc;10023703;Sarcom Shop
9328982a5347ed487c86ff57474e64bd87414d4b4c00c77dbe16eca4c73f80a8;10022444;R.J. Market
04f8ac8cd0790683734bd423ddfefc6a920145e43dd5ed5c7968d99002673aaf;10007564;CAM Market
740d8e584f3c9ac20405e897beb82688b3ba0c94457bac5b5c7ee087d5679994;10026348;WDND Shop
97f676a7dfdd5dff93bf919678c0e2a04efd3ef5def8ff40f258646b2bc604b6;10015495;Hennings
5ce097e5f3f292aa9e86b39b19effedb3700f267d04ad36a8678e6d0bfd6c963;10007866;Camros Shop
4f9a728535adc251bf788ba6fbfa78a362403dc0e0022c92adc965ff1a6848cf;10022168;QualServe Shop
e22e355f2f2c9a24909711819d9f73dd98bc87d32b845f627f4d94aa058f44f8;10026268;WarRoom Store
42fe941125603c6582dece806988ad02b2bb7e1d8a16f3bcbc99805b0caa6438;10006836;Biz-comm Shop
77134ca00602383d35ef51801866cc4dc37ba91a2083f65b546e59c61b75c51e;10019682;Lamson Store
59f8b953b475a1a0998df4de725eeff838c691401cdbdd2499a6b2e9c8e84f72;10023509;Safetynet Shop
505326e3a3c4d1615d9c4c36bc27254fd0d029b3f7e1253cf02b7705f0079cc0;10025052;Target Gigstore
2e332b7f108d4a3aca7a61c9de835381d3c7638ed4b5f562453808ef1b4827c3;10018146;J.M. Supermarket
b5d47adcb9573128b8d16fa089023bf64e2a388bf9e2b0b703bf96aa8e0034e9;10023275;RFI Superstore
2bcdca21054f2c14a8f40c17629f5fa459820915687baeb46b255a92f61d255d;10019109;KentISP Shop
6b1a71b8c91792a21a23f109b0138fcfa0f13b64c7fbda4c52e3a6e3c0d6153a;10019900;LiveWire Supermarket
81bfec67ead8eab58de9d6c1d9e3fd9bb71766d5abd80a0e1e1838940958878d;10023003;Remedy Shop
11ad5d9299bc39efe3f5d26415f2cfcc1413ae1f694218f206fa3c9248fb23f0;10022450;R2J2 Shop
d5f294d175eda6ee2daf2ceca91d767e54d0067ecde43275f897ba394e3dd5d9;10017072;Iconation Shop
3addab4fc58aaf7005e52cc291aeb511213e089bab08bb9d530574a05cad6eab;10007566;Cambio Shop
a9608a2413d1fc46cada4cd75aa856716e3671f47d9fc2c525f8c33b07684ed6;10026055;Dellovade, Supermarket
54fd81b00424fd1e26d15d5ae976da4dfa05f811339cd5808f6901a409c9ca46;10021231;Packard Supermarket
d8fe40b39eb71308009bb66935709a76791584465d3ca2fc33dc168fd6b88098;10019410;Keystone Store
0ca443d03fc98933423afeb9eb11ad38d0907a113808377fc24dabb526252aa0;10020931;OutPost Market
85e3ecac28b02eb7dc87a526a95ad0e68f7366bd2d2a708e66f0f64f66a9e4bb;10024246;Siemens Supermarket
13849a859999e6c14f5dfe22739b9ab2b53ed870509e9d472cfa4272ade7d254;10027053;YourFuture Shop
bba8dffbd29ab15ccad5f55887538862c94f67ce3324c5833479ed003102e554;10003795;Bechtel Supermarket
aecee1200922b2247989047e8af3eb25c6702c3504bd2ed2062b40dfef9d82bf;10025300;U.S. Market
5585d657deda96efbe26d6016bc19c2b61f304f82063bf821252d7c777b9bd5b;10009985;E Supermarket
653f421eb7e271ca430d14e1974611eaaf2e379e5f9bbe61f03b4592db481e59;10019388;KeyComm Shop
fb565dfe308637a87713ac902eab4eac0e74ff1ca0936a8e596ea070286d1f7a;10002526;Active Shop
2a4dad353905bc27973d0aed30b6d3591452757bb6106cfb6ff8b1ba2115c217;10021472;Parabole Shop
c3d4e85c8d496ce174f11017971d75170c859bdec9ed84f6a192a0a910279a45;10015789;hesketh.com Shop
ffd697c74297d547e726286bb19e20023763c7d3e12398a9ffe3c1313b47b553;10020449;Nancy Supermarket
854221e35c6a4e2072f2d9e0cd8c600b88797650616d4b1831a187defeb28e64;10015267;Helfand Store
a9398ba176747d2912ae634b5724873c87f437216c1c3ac29fd38b52f0204fc9;10024248;Sifton Supermarket
4a78c125be58d75ea7794298b7941bb4d8bfdcc0eda1cb45046b63bd2bcd332c;10024034;Script Supermarket
67d24b75d246d638940e0cd0367f84fc0811019b3a2e8c5570a4337539659841;10004302;Berkeley Supermarket
c73794335194a959291472447fd8d37753c1b4b1dd2897f01c361aec6d8403b3;10015783;Hershey Supermarket
b899bc5f7c405dbe1083b92101e13817e9a2b05f9d8a8d19521c008546552b8d;10022240;Quantum Supermarket
4b19a1ab6cd173d3666edbee66d5296020dd6cbe3feb70890c7457a361385afc;10005043;Bezeq Shop
6ffd50ad1a08a82c54f821f48a958f07f9cd60c11f3916f9cefe6074a98a8f31;10019150;Kentucky Supermarket
fef4efe5391b254da2a2235333e9e8610ec42b8933ec38e68875d48bde8eeec2;10020962;Output Supermarket
0d733da347962c93602c77d650cf1cb54485b50572417b5e6acd65b22c70f204;10009642;David Store
3d31c701ee2f6b82d50bfddbfd1c8aae4b01ad172caac18204c587cd4d0d229e;10018628;K.C. Supermarket
2bf28e2b41d51604fa24423aa5c7316021ef704e0909a5ad55171dc3803df946;10000460;Meals Market
e9580401e8484e383b0e887e19d3edccbf1b0bf78055bc7d7f5d64cafd70737a;10014803;HCHS Shop
9e7010a4d5e0223995fafa6ae839d9fc04afe2654e07cf803ebc7f3c5f9b015c;10023221;Reveal Supermarket
244ea709a24a033f3b6abee3d8cea4023e4629041acaf647dd09e30cbd865d16;10022678;Rave Supermarket
9428f8a25d435703ce18f1d5fea877157e64390c12d14d3b4e647067410c9bc1;10004245;Bens Megaplace
da8dd24cfc1bf469cea1eddc4c14535f33d454f88d28681c7d6fc17b4806a88c;10015824;Heurikon Shop
5028a00d361d127469224a88e8651e49fac1c7080d6148c2313dcc9c6f2a55ef;10025062;TargetedListings Shop
afa2eea3260d1bb7dd6e3f85d9d37254a2d11ad6364103b55ae9f998afb5faa5;10017638;Kellys Gigastore
07008ce3afbdea4893055dd18d72b4a3451f95bea670a4b2d0561bc8c7e3a983;10022201;Quantum Shop
4e4af82b46d1a8c77f48e371a651b2645f28d8c5f41a70282c7e01ba970eb239;10021412;Panngea Shop
dcf45f96cbfa6da30b0bf988e36e2c299818a9cc34233edddce767ee627282aa;10011981;FIBERWORKS Shop
07e78a5d208069464ef6e990783ba3887fe007daf975f9d9a0e8611dc6a6bc9d;10020915;Ottercom Shop
3500b8cc599f92cf131e7a26952a2edd3524f7b10031cae5200327d90253e9cd;10020663;Neos Gigaplace
ce828cef3d31bf896337ea8bb974df34be564ba6d6f9dd4591b299eb026f6438;10023516;SAIC Supermarket
8b16ea6b69ca9865bfb21a50c01d50c9a5d9cf3351b3e1961de7bfd4edd74ffc;10009656;DCS Market
a29f83dd0f60eb10bb1eb6c50173b4c61880c12be56bd2425cd77ae4169c8917;10026560;Xentec Shop
7728ca9a3c5be9f04eb26a1201494cdc0816eb2bd2cc4859fc72a5e892668ab9;10019879;Litton Shop
b988cadbf93781a718f4ce525ddd471c7ee4f1b2a261fc339b764c23d8a78ef7;10019664;Koppers Supermarket
e8b318779799553486d5cdf0d4b4761053945a69dfa9efc69f6da30cca9a8dfb;10022434;R&R Store
a206d830e4e6a0e0823547e6744a35eac587a8286b3d4ef58ba92d09facb9318;10026062;Venable Shop
2183c3216244a63751d10835412dd8e2b4bc1fe93d23375eed970949ee71c62e;10004516;Besicorp Shop
569ede9ab7f6b7a69ef8fd8f593abc91c7f7481c874f5b218920601e15060710;10024016;Screen Supermarket
da75c3479082709b4ac7c5f35543114777404bc61018656730295d258c79f9af;10000475;AA-Wizard Shop
bc777b54f15835e2dceba51a50e35dca2f334917f3a8456b20ce18a087277217;10018371;Joy Supermarket
3058cbb6a5e81782d20952f71a82cb71838647f02255481687231fda36d44d34;10021911;PING Shop
850b929a7fae6c09e5186fa863230d1c66caace3ea004a0f6acd38d055f9fe43;10000458;A&R Market
4b31d2b43ff0c1c339343d86c38e43e54daf6580bb74faf47a57577f161a24fc;10024022;Screen Supermarket
79f554c50426292ef8d5f55bb2b5c51f371a78bc233bd335bc9df197036728c3;10020448;Nanao Shop
fa9d5147f997f4e56c48159cd53eabdebf391065d80563b9bfca60b090e094e2;10023241;Revnet Market
82f35333d0e819bdce5131cc9d4e9ef68008f7b0792d174b402a585aaf08b1c7;10025243;Teca-Print Shop
541e1eb8b115d0c23e99815b206ca50b1afb35594813bbac464efc7ae14e01f7;10019665;Labatt Supermarket
8245f5fdb8e5d9f9b07e72b37a47a514d70ed9fb2e14180487f3b1ce69f543a5;10025237;Team Supermarket
1b1f9442e584414fbd83f3a49c5c3ec41ced0a93ef8d327a8d93c6e3bee43b46;10010969;Edorex Supermarket
c1398d4a53e422bcab872dde7972325c22c0cbe00cb34b6da988c8f133b7ec6c;10016609;Homestead Market
afe1874ea8903e5b676a1cdf301f9c7e560bfde046591093af529603bc285a63;10026581;Xetron Shop
ff8a9fd12971e74f1eb51323906eb342e64d078cca2fe5e18ff4c5ff831c93f7;10027572;ZipLip.Com Shop
d397ee87cdd2b134f3ae8df2727b881e692f35f1b5d780e6a220f33d892f022c;10024550;Southwire Store
80ce8878bec61828f0ab1519f5ae140857bcb76a9e61dde3ad0b4a460095fe47;10006848;BizNet Supermarket
26000a6f8af7ce7fe6058ab006785553884de3950cec4488e9ed3e3c9fc4f918;10024499;Soloman Market
1db14c8acb8aae5a2338bc5d464c3cc48551223f576bc08cdc52a5c5aa77d08a;10020193;Maui Store
747cf8dea7b08c9461ee8692b0d480bd39f8c938ac62f8a566a09a97e7a7943d;10017828;Lee Megastore
224b1e0ff9943a6a1b54353ed3c511866e62d267aed4a455325eaf5c5abb5749;10021422;PAP Supermarket
ff41da006f2abf41e0784a05b0448866fefffcfd7354b1f090b015ae7bb81ad1;10021175;Pacific Supermarket
9d90c0ff6824776366d7c358c9fd4af8d94c1fedcacb892d4f860412ca1951f8;10025034;Talou Shop
4fa5f2b596534196d5d88df6220adee8197cea0d4a4b2c47f3aff2719a791374;10023759;SASCO Store
9585d43b269c8d21fcd0251debe18e55bf25db967d09074815ab4806cebc5bd8;10025495;UniForum Shop
c708f44ce3b41a3fbc926cf76861dad0af20e06eb6f4717a4653bc294f237721;10000462;a2i Shop
7c36e8aa89f19e4b1051e1eace98ea8e6bc5e54c34c680482d08f19d80cb705e;10022730;RC Shop
01c8ffa5ca88a565f82110aeb252f883a73eb52825936947d779be4615ce3157;10025758;UTStarGate Shop
cf8dcd3c924342d1b7fc38ed3bbdde4a1ba73de184ebe043c8500db2336ba29d;10024010;Screaming Market
dc4c412f30847255276c826ef0f310647ffc891f45b6a181e18190e6db1da0a4;10024524;Southam Supermarket
9b300af26fbc05de3eb45e257f4509032eea7251590866405eeb0d1ac69c406d;10018603;K&K Supermarket
c266c16b1832a639c4df8e470a73edc7a89b48a74d3568b4020d5665900cf6e2;10025298;U. Supermarket
8d7342711d882af0501ed6d40b52267bb2ec4b9198cf0c5e517a6cef526a1099;10020413;Molson Store
165080f0c56adfbb795c7e2246e679a7734ad209062fa8da269a3e41396a6613;10025558;Unisys Shop
c67230c244188da44b854dbc6c958ddce86a2d16def4cd76edc7270e19fa9450;10024743;Stone Supermarket
f17319bf879a710e7d8a2dee5cdae622bc0ea8b1642e4b72a5b0667e7b9b6f0e;10023715;Diss Gigastore
764e751cd958a22aa343202cf1337481b68fa97650ca66588cb3ef63eba3a124;10010897;Edify Shop
909044f188046bf04f34316867109ad8998833d9c100d74c17d477a7ff25b25e;10022183;Quantex Supermarket
727a6e8c8146a9bd4ebd7e2fa38dd8d34f98ba418d205bbed80a1ec2437cb0c4;10018623;K&M Supermarket
076eff0f0c39d27db57be2aa9276b6ccde9b6cf67f15f02723446ffd6d452dce;10022456;Ra Maxistore
282193dde914fcc33e119f0336d3d5de678e2e600dda4a482f35e8520132de53;10023783;Saturnus Supermarket
4f5b3856b9ad7c10559856dfdc55acb633d0b73c90343c672108d3af08fb807e;10025242;Teamsolve Shop
c5dc761dc1d9d3bb27c887c9ecee1bc9237d8ab275015403998e1d1c00fbf7ed;10002489;ACT Supermarket
bb1ceafbb19e3532516417946cd2d5c9de24a902148898ea3edde3a3458aedff;10025248;Telus Store
7825bdba7ac345717e8c7f277e548460e1a00f5d1c11b42ada0ae0a43c2da9cb;10026078;Venred Shop
e77c680046d40e54fdee697ce4a83841ffbac4f0cfd41c24c54d8d2c2cd7e070;10014469;Harte-Hanks Market
37e1c733870c3f25f4dc9f06a5cb6e1977101550562621961c7f0f83de5a25dc;10012234;Filmotype Shop
1fa52b25098ad3e8bf0c1f7aaf5607d16f8449b62d7f4511fc00b64eca692f86;10025583;United Market
28b9e96ec9c26752d2145f906a96e603f9b0ef6fa1847a40345c317197c108ed;10014495;Harvard Supermarket
8bfa5715e6549c6de0e2b0f1a2e3bf0df26cf99a33415763f2cafc3b6ee710cf;10027348;Zephyr Shop
00e2c51458b5b01044a648470eca82a735b2e12669461800858458266608e3ef;10022725;Razorfish Shop
c4348c8ce2d3303dac16ea7023e6b6a6a6af7de8e9964a5e5a53107830c62147;10016548;Home Superstore
7f24a309b7a94edc17a5e2757f4cbb0bf00a8119309acd0c5a2b70a449075f35;10024477;Smith Supermarket
8969690753a0de02ef475a6691f15732161ba7100214e1f42369f48bf14babb0;10025769;UUmail Shop
3d5bbc8e1c880312195d4faeb0162b4d7bb7b68a94e31f814ef2addc3dc6ed66;10012715;Fokas Midstore
c0bdabd45263dc29173b34e2a442a1222ecff93ab7bd8638950c6ccac590b6c8;10023244;Revolutionary Supermarket
9837a32241fadfdedf5b700f884e45ab37a65492fe50ed3f8c3adaaea1b94206;10009697;Debian Shop
04bda4efd227ab6728053e1ebfa9eb3ade96a13a8f5306a4809e19152683c400;10025251;Time Supermarket
d8ca635eeed72183c5122d5493876dccdcc26f30aab183c9ded366b27b82cf44;10022732;RC Market
add06a86cdf7670484a22b2d936ed007d0c6d219828237625b41b52335a170e3;10008381;CAPCON Shop
141b53843cf028ee1f69a10095a11333ad638bf43a14e4e49bdeb088e22c6e9b;10017314;Idyllwild Shop
7a459e159cab2a91eb1e672983ae61c382b32de5e5f47af8665853a1a2394456;10026291;Warsun Supermarket
cc43a1e83bc8d245613de16d31d48a6f352a31822bce565d09c59975fa0db0fe;10023447;RKS Shop
9ef48ca1b6fcb9a1d5b05c02cc1b3dc10db7ba484833fea1a350db77db22f7c3;10025039;Tandy Superstore
da65df2c494f9c28bb12077fd0619628e0b9088211ae5f384915738709b0c1f9;10020181;Markets
cde3394b9b7c6c47d7a9537337314907ade195038873694687f34d066197c1f4;10023212;Reuters Supermarket
d8d82d2b72a8df2e5da29cb2fee909bd4f24b11bb9d820702a01afe4991fe0f2;10026522;XCOM Shop
73bec405e815a69c34ad5feadf007e19006cff8358e50c2c946ca0da37199469;10015275;Helios Shop
f67a5b173d810825be7293ab911e9ddf0df6a4cb3f34174e749e3ec998a8047c;10026868;Xyratex Shop
d59e7bc4634f55cbbd8d0c15bc8334685683020271b63fc0535316b049782287;10020192;MATRIX Shop
661e3dcd59238664272e8d118b53f95fe0a0edc310d02311967dce977d569791;10025025;Taligent Midstore
e84ce481d562e0aeadef97008e0fbcb48243e017165fb647ec777cc219e64655;10016303;HMR Shop
8f525c028bc799a0d45d884bd5d808606df3f6e342e47ed579594b0e6f9927d6;10016564;Home Market
ce82412bbc5cfbfff1cda3d7cd2155a58f8958de0781d35197f0a2398ea6fd57;10027381;Zero-Knowledge Supermarket
1445150bec929ab49497fe7432df86ac4462688f7e99b04d968be7b26cbd473c;10021179;Pacific Store
21924584cb67d4f20d353bb3faf1b96981c87cdf0cb4f6312e2ad6a2a37a51d1;10027370;Zeroo Gigastore
5060831dc43431ec414ad41823c073a52bf3cd44b19e80984806e968f88b9583;10015011;Hederman Supermarket
6f13f12090e9c2d440cd85f0c0e1bdc190ce896b13201d9f56b30e9b01767ffe;10000455;Caribian Supermarket
fd65fc1be7c4bb7bcaa5b733da61cc68a83b9363a42782c2976774dbda9e3548;10014471;Harts Superstore
56fd60ef64bc2518839fbd51855a92ee5e540c6a1823b8f32638440dcdb96cdf;10007123;C Supermarket
2a301879e15ad90f5b4e9924fec1536e39a3def99261840c71e1e1e6db93b242;10010698;Earth Shop
5cce95595f3e8aaaa03a751f1202dc63b9b303a66057c837e823f6bfca4f729e;10010974;EDS Shop
3df0c071ee7f91c95e4983f55fd35e55de45a7a0ae116ecfef379796c1ce7b5d;10026861;Xyplex Shop
111354889505e1d9ae5879260aa17e7faa5233e07275ffec9f273c54dc00be8d;10013238;Gastown Store
dbe9c145ea2110485d2414344a5354fff4469bbc4c1767d9c585a9db71537289;10023023;Crew Superstore
9fac2bc76002b366a7470d628299b3e2ce582f790d34bbfe0132586339cdde08;10009631;Clearout Shop
09fbf3e0b9b4ffb651a788730706f42f62ae8e443ef04a1877b9ea36dd56befc;10016784;IBEX Shop
46975dfdd0f3b53935367a8733a7d1676cbc16143369a559496270fdc79bac73;10008596;Capitolnet Supermarket
972b63f481c5b3fe18e700aceb4c3f11eca78efde2925a7604b4cb163b0b59c4;10025560;Unisys Supermarket
f2e6cd5b9278f959c64e36e3e868a754c0c72f7d371c17ce0eccbf0aeae6e821;10019913;Livezone Supermarket
46999b02e9229797fd6ea4eaf27a1de09601691c5652a4e213e334337824d343;10006037;Bigelow Store
7d8ae02b5c9bff28e1ba2a8859f0e0d25e505cf5b6818013dc37bd38e1587f13;10025051;Taos Supermarket
