DW_LOCALIDADE;address_number;state;division_name;division_code
9443a3b41ee1bea050f92bf52d632afc2ffb307e6fdc4a4f6bd3991f023eff1b;10020413;OK;Domestic;2
bcaa2d838fddacde82772d7ac37c992aab1648b9ac0f0bc5670b838d3f17a5c5;10026268;BC;International;1
693d1524fb423340a590cfed8c712e83edcae84aa9d601db8c11d43352b0f96c;10008381;WA;Domestic;2
e69164d653cdaceefeb57247585492904fabd4b6b75c2a3f7fe6678f1d1bd764;10016303;NY;Domestic;2
7fe481c0948ef0b515cfdb7bbe94081f40aaba4f300c083cd958124350b1fa40;10010935;IA;Domestic;2
5ab18fc7089b6d4241ea25ec81dc59d50b76a90034a84b64c6b6813b8aa9f1ef;10019879;GA;Domestic;2
4345a5d323c330215b7269a7a19cc0310ec3008b86c650a8f9003314718f816d;10026606;MI;Domestic;2
abc945d66c0dee37dcc6ed6e2103c17e13142866518ab0ca5c521a6b47bb3878;10000461;QU;International;1
b6f1776b66482b7627464426b8b2b1281f87fa9043d3deb6eeb8375e065182ad;10025288;Não informado;International;1
2f4f16418bd1a1026bdb0c33229a3f863698d61172e7bf326b7c24d378bedc3a;10009676;MI;Domestic;2
f7177a9721c6fdbeb3e136e995c72b94a63e27d800cba1a7bf09a63ccb7ba632;10016784;IA;Domestic;2
753de0509f7e6aa706ea089d21bf9280aafd203786fdb6aa8509e2ca212a16bb;10006848;VA;Domestic;2
13ab6ceb35c7b1abec5963d734d3e0dd1c6769f87796b5c9800b89bf2252dc1c;10021184;OR;Domestic;2
f0071b9cae8c15a1bead3fe3eac421d5457dcd7da84094e9eb47b44a84f82ebf;10017828;CA;Domestic;2
53e4aae37cacc5f2c54fdba28b4124ce6cbe2a3cae26caab59d5e081f34deb78;10023538;TX;Domestic;2
952461aa458bdb758af56bdc9aab35b6e50b74bb4df457d13ff733eb85bb6574;10017290;Não informado;International;1
af9e00e463105a1e7b75a5d751238b2bf9aad35e658a2ea621de597a1cd19a9d;10016334;KS;Domestic;2
62c1d6d6b7b2e2d3b36f6a6011c6b81f6687d17dabf013c3db54368e96a9718c;10025037;CA;Domestic;2
cc5385fa716477d347da5f89b43aac91d6868ce0c80c888db5b342e89b335e83;10010914;KS;Domestic;2
04a9af1235369a28d969f033a5367b934a19afb5ec4480bd2abeb028b4c299c5;10022755;Não informado;International;1
9d9c54a7e1a1318cc646f9a81e9cf4dafad792ccca403739cce6634a3d680b0d;10004256;OR;Domestic;2
531b743265bcf94961975f3bb48f539ce4b688b588f584b9ab815eae7d291b9e;10022687;BC;International;1
f0f1e02238266479539bc0bd3cbc7aa143a785afc0b2e9cb0428c1b09c4b20d2;10025039;OH;Domestic;2
4c06a086b2d1e8cccda4aa2d14c8165f8acbd662a4d8ae1435a967761e254220;10023471;TX;Domestic;2
09fd5d211db07843ca665bf3d52d692c9426229f49ced6ff0fd9f250a93c2c1e;10025250;TN;Domestic;2
19b7d50bfddd5b310cc1bf9daf5ee454288cccc6ac22b8bc6d039f956d2642c2;10020684;AL;Domestic;2
b13c21981590a62d6d186b61d1e961d474321e53cc6ed875c7b5524d2b197c22;10024248;OR;Domestic;2
d4ce7c02a5a4ad5ec3647df2e19967caa5ceed7512763b7a9ee570e1a8bb98f3;10023235;TX;Domestic;2
84eb9ca4d85fc869f68efd0a9e49a95564f70af864878f4eb3d7f40b6a936897;10023509;FL;Domestic;2
6e314d8b74b508cdf3101ef0d07a56b905734ff55e2811cdec8197a602ce46ac;10015824;IN;Domestic;2
2745cffed268f2a301233013729bedc98f14a28cdd90f38b7605b79430f897a4;10022450;KS;Domestic;2
7e55c39116438a7b137a1e491c497dd767345ab9f7193a4e3a043f93e36818db;10025778;CA;Domestic;2
16f4f91e4e33ff38187b346e4163d803233b16534a2fff1438a89278ee0dd5f5;10008593;IL;Domestic;2
8f301bfabc440330f9372bd504fef3aa1ce46e24f95657861062dd0576e76455;10010717;KS;Domestic;2
d8e26ff2f43138e1777b5b0aa8df1b5906ee06208556c5903d319333a101dc3b;10007122;TX;Domestic;2
4aaddca2cfbcee1b3538d6011a17f6ec43881c00a393e29118d1cddd9ba05110;10023760;NH;Domestic;2
f8d6dc07f911e403b8e086ab8ebe7674e97ca00127404c7b0aea2236b3189e54;10023524;SC;Domestic;2
2661837b34ea47a245277f6421dfc9c39e8af5799c1ab9a0a3bd3959e73a4809;10020715;Não informado;International;1
051eced4e635b5d6280b8fefb0c6f71439669e342e2706aa0e003578a0434594;10010974;WI;Domestic;2
53c014d80bc1d48fc3b6d23d2ce119c203b4b9ce219658023ef8da435488d16c;10019410;AB;International;1
a16f3c6e0f08bc53e652988b21344c09f0267eef83c35d99128475388fc59965;10027050;WI;Domestic;2
0283af88b82e183c17a8c9dfb50032e3f539d487b2ffc0398eec3a73540283de;10009356;MO;Domestic;2
e3fe9fcd86941d77af455e033838a26cbf7f79b4d4cefd46ae336db1ae3ca885;10019909;WI;Domestic;2
87589b5e2ba3ea8fdff94ab4a78ed99f82861e40767a499be84d51d82f95192b;10026009;Não informado;International;1
ed2b7a88e30c4d481c500785c756a8ea56e0422817b3b957471061e23f8b0823;10008134;VA;Domestic;2
de5c8eaba1c4c3867b61c95ca0f89adb6326f4112ca96a13595f598f767ee13b;10024022;CA;Domestic;2
1f41d723eace6954d5fadf71b4e56614ea8810ab6fe1ee2a9eec139ccc2c1ff8;10008638;PA;Domestic;2
412a38c4b2da2f643e82782562cd8918d75863be23290472f9f043badedae5af;10025247;PA;Domestic;2
c1b395707c5d5711680185f391dcde60e24addc4a9164f72fb70f6ad876c57c2;10002501;Não informado;International;1
a6fcadea6ef9de477294008db453a68a4f2e4798ad3d76fcd2615a6700895dc2;10015783;PA;Domestic;2
04c21953d9b32d4d6cbc0e87686f2e69dc85ae9d3c5625567c0def49d55d87e9;10023513;CA;Domestic;2
514a3c3d33a77573c1111eb5bfe39fc3f22ca6a95fe098a6a210160804050217;10003720;PA;Domestic;2
35e06e30a5f5043ada39813c2e6410656ec8c5334c41d1346dd6c8b6a6279574;10012226;MI;Domestic;2
a7bce9108e0764d0ef638850850541e3e9afdde68201f479c29e49c6f8fb9b8d;10018363;Não informado;International;1
62c3fe7907f125ea02e92d93db7fd429a6c9c3210a20632d3c3ea2cf2fb8124e;10020445;SD;Domestic;2
f82dedfa4ec455475bd2cfc4b024e4672fed1d05677da9b76687228c40738180;10019420;Não informado;International;1
e7efce8934f3ede0901b7fd129def36faa520753cfc68bfeecf857169b6874f0;10026055;WI;Domestic;2
2bf267e5c04349a0b57aa86132ba0da00d50e8b87a15d99e3b6f6091c0088153;10021668;MO;Domestic;2
99e663862fbbe2610196199923d57a1883ff751ef961ba4924ff038bde75f993;10009647;CA;Domestic;2
88f43e738d78fe5aa6c3bb315716c14cb273a32e87cf9c30b67b7f15b8441d2e;10006862;MS;Domestic;2
6587d0b35f8685ee23e1fb429fff9527e8bcc87b5ab70007df4debdb883bd41a;10024006;OH;Domestic;2
f106d6f589aa784fb7991f5458c056f2d4f1394679c66414c97a2959f8841dae;10014739;OK;Domestic;2
cca2329cb010fdad064116d0fbaef4e2e3e0a427e2306150e7903102492a826c;10014540;Não informado;International;1
3c6b9da76b944a3b34e4500e2a760c215a145eb1065d7deed20296eabacf3381;10020907;Não informado;International;1
114ec1fdb38d67a041c247135cd9e290a0429d69df8ff75e6419f5bdfcd64418;10019105;VA;Domestic;2
165f379e25befc939a31d87e4b6bcb350ab3c12c0bc302d11d6209d4ab28d605;10020909;OH;Domestic;2
0d7dbb29a0748dabef9ba66c8449b7a244a4ed3d2f99e4681cdf87e8545a308e;10018129;Não informado;International;1
14cd59e3e5668945227790fe9954597f1e048514ece8c49002d6ffd5565f4107;10026532;IA;Domestic;2
9bd36092661b9bcb8ca7151d69bc5c9dccfd63556ceb3c48326c902e1e9e3c06;10023785;OH;Domestic;2
a11f4ce2e632db0a1005784a8228c23dbb636bc1178473dee033576c667929f5;10018665;PA;Domestic;2
e651b0e9f00f4ff9e64298424906aa1e20b0423bfa396c26ce07cc946390c1e6;10012425;MN;Domestic;2
32f0db68a84ff22e26a4443fc5c2cd22825345f190c17460233018e1b8c92132;10025063;Não informado;International;1
7ecba694d92d7633741302c27c1c2e9fd933af25c2b996ad940ede7a1d774785;10027119;Não informado;International;1
061e6db175456d6291a566e16e57f7f41bfdd76fcbf080f3fdf0b3a55b5424fe;10025769;CA;Domestic;2
7697e58be7a5ec331aecdc159efc73b9debfb26cbdf6e6aa906182fc2df40705;10026355;WY;Domestic;2
e4ef5415dc3fe69f7ad61cc1bc89d1dee9cdd4773f1431206c70ef3c69fdaef7;10000460;TN;Domestic;2
4edbe7dd780afd58fe05ea1be10bea30be552eedf18432ec93b39b4149dd7822;10024270;CA;Domestic;2
0ed2750fe05ba74af9fed56d70dc662848f6d2ecf45debd95f33b9b921028763;10003795;LA;Domestic;2
b61153c9aaf6a16677c237e89fd7a40a81492bb5e88880e1bc4b4ca2eec2be37;10024246;RI;Domestic;2
ae9f078b2ad3b0ed5e80e3a916273018c6ea99c7a83a5d6bab21cd48ba3755a9;10011981;MT;Domestic;2
a16c08b05f7e82a56d0ed53e372656453c329665c1d9fcef2bb13124b9a55385;10022201;Não informado;International;1
3ecb7c1039bfb628fea93494c32491762938af6d2106c78c25faf79f5f8a500e;10007866;Não informado;International;1
7a96e9a83cb0c40529e78fdb9303321fac13e8f7188eb3d5a92e015bf0055108;10019617;TX;Domestic;2
da459b491977863beea3fb322800cd98b0a3c9e3427d6a8d87f1e55e12adf2f5;10021412;OR;Domestic;2
b072588f62afb1f1f9add6507f86c306b0c3285822dc8aaef7eb8e2c5170d993;10021459;MS;Domestic;2
a537d5e9b79a1d02a8a36caa833d7c66795384eef22e5f083a9faf8601f1bdda;10012422;AL;Domestic;2
8635840f8b6bc6d568d6c8001e05fcca6fab54f51131b4095c88b21e5b4bf4ec;10021175;TN;Domestic;2
0b199814f25e199e6226d0a238da42002599744faeb019c892350d358be63713;10018644;KS;Domestic;2
6e01ec19ece8d00c8e12d9f17d141ee6f8599aeed492a11373e7a11fbdf010bf;10022249;NC;Domestic;2
db608e3418549bcf78693ae1bbedd908141978ac3bcd2311944ae04e1b5ba09d;10022434;CA;Domestic;2
58967a985bee1c098599cb1cd23cf7b5737e264f6c3eea91885eb6291905a53c;10000453;Não informado;International;1
b224b8c56410673c1f658efde21d3597d34afa8f6356008af87ec05d07be59ad;10021418;CO;Domestic;2
be629f5e37138d3ccd2339ae7a94af4aa00d3f99a8c92e8a90c09ae8b087c0c3;10014238;Não informado;International;1
0dbfd25587eaae8929f776c06429fa3fa0780d2e3ed21134ebb9a3737401078c;10015011;Não informado;International;1
0ada5312a666ef7309a7cd33c2cbb75b43325320b618302da22726347ed271ce;10006037;FL;Domestic;2
885c7941d17a91925abf8aa299728b9d7f542fb90e46924d56f3682763e1e62e;10025515;MS;Domestic;2
b52bfd229ac5af4136602c0f446713bdefad66d088a30417504121ab4d85ee26;10010912;AR;Domestic;2
a966253a9a68aa5495b4e4784f6eaa8aedb9bf06fa07c707a99d593b70451bdf;10021415;IN;Domestic;2
f484101e0191656552cd8056c318bcbfd0640ca521b18c62c5d75e501fed1794;10025051;AK;Domestic;2
f21cc3fef96b5de182d16a9f45e087fc8edd3f6f0a9c9c0b7353853c74fb8c6f;10022431;VA;Domestic;2
a374ad5cc9bbbbc885b5e55983e95fb7db1c16dd6068379324c5c55ba45501ec;10025025;WA;Domestic;2
59a2e3f8571ab91ef91c89478e76c2d3f2d649e07c70d39f850544cb8400bc3d;10014043;Não informado;International;1
9261d25693d559b4781c6ccdfa443cc553cf4943d967e3d87266d3fb35a0f811;10007591;Não informado;International;1
33df0931a1b6a2f1acaba51333359ea8c8d96e828b045d2d1174e2ddb1564fcb;10022746;Não informado;International;1
3a0d9719224598df8dab03a3683d733c7bfa392a69b8329efd38464d3cdd2228;10026839;MS;Domestic;2
dc7aa78cfa9caceaf4ce0304d243cf759616ed1701d0748c73c4cddce8028214;10013472;IN;Domestic;2
e8a0b59b564bd2053ce4636301ccc4c347a4e8b3c47f687f5c6cf345e92a60cc;10025239;Não informado;International;1
95cc22aadea0eda385078aa6f464e875c2c0bb0f4b22255c9e17e735ae60d89f;10020662;Não informado;International;1
e37942fd57dc8f40ffa39af6fef6bdf1a67edac7febafb58c233022503edd258;10023783;AR;Domestic;2
9e73863e37dbd9247bd162816ce512bfb3d6153d83e7ae9183bc801aecf101b7;10000466;CA;Domestic;2
148907fa148938b809f790d3287551cda13f338c09cbbd41a57172071b881777;10025285;TN;Domestic;2
b907b8423f602eb1543f73c7945bc0653f75ff57369d7f59f258cc87d7b765d6;10000478;AR;Domestic;2
e339815fd94054d390b5c68e2e0d70fa8f829b7f2f4216e093547b789e785fd8;10025298;ON;International;1
70285a58582ad0cc4e8ead2fd653f465acc3f907062180af385bb9b3a10f9cfb;10000601;NC;Domestic;2
f47ce382bb15042153ec4adaf1a99161ce44d69c2c785cb53fb8a358db92f06c;10015267;Não informado;International;1
db75d6fb6d6723e1101a1ac4fe5ab4a2ea3ae29ba38d36591b72ce60b9717065;10023023;MN;Domestic;2
ee5f539c4d8f64df746343110e58c6dbd3030465e77624ecfab66f7d04ca0bbf;10022490;KS;Domestic;2
4b23e2f307407267707ac3b40bcd1c5f63bf0dba94516611bc942508c597d0c3;10019664;IL;Domestic;2
bf682977d9c20ca7b307f404b0304f7477218dac7d061941de82e87323b2c2ea;10012235;MB;International;1
bc71e8653846a93718fd2012574a1b9c702b6360f4ff694dc8d3e593ce906378;10027053;IL;Domestic;2
a16253c6c3d3b3f963da0fd844c087c6a5f4e26138f9213ab7b5fddd8c08886a;10022167;Não informado;International;1
1926211b83e65d05dd4d3b0bb3c7ec6d655f1b6c8c1afc074d909257ee64d320;10010698;CA;Domestic;2
08cbc7dd18236ab2f4ebf96c99f7419574fbdafc4669733577aef1aa987fd67e;10008596;LA;Domestic;2
788d35fdfa9eae167cd6a263352c909e9970e3a2546abdbeb628ce60d4832396;10025237;ON;International;1
89344876ed5260e9a8e1dd6f2b63cef9e3476eb79c439978a2826be8db855ebc;10022183;CO;Domestic;2
6d65abfa0a9d41a4b831c8456d22a0e192e2b64b0e0c1e95097244c3a1fb00f7;10000456;AB;International;1
6de7b3c7560f85e4edb5290fe07bae91fcb25b0fc9bd03ae9bc98b5e5521e936;10000473;CA;Domestic;2
15fc77072c53314a4e5549d746b778c0083f3e966282b70b576289d3f1d0ba57;10025289;CA;Domestic;2
b2aca89ffd3e9be698472048e30e79a29c6230f0c632b14288d9ec6036179390;10025038;PA;Domestic;2
6ed915233c72a037750026169e7f830ba5cae30d1075a1020f8e5fbb0ee28e0c;10018877;Não informado;International;1
22bbfd61080b5e03be7981afb2d3db2f81fe60b2b178bfe326c12e3ab8aaf7dd;10002709;OR;Domestic;2
01b5bcc863526503262889228071a7e6117a7a8cd8dcde16387f54ba049832ba;10006836;Não informado;International;1
99bccffc5140e16a6a609a57182902d0e942bcb512669ce0343d13eb580168a8;10002506;UT;Domestic;2
b60a79a4355aa3a9eb2380594fda4b0897cb5537e74f86ac7696cde5d914e55a;10022456;CA;Domestic;2
667008fe17badc3aff51a5f2c896ac00bcb655587034c2d240ecb61c5a6d5df0;10016564;MI;Domestic;2
903ae518eb282be2c4f9218846bfce63b9f9586fef61d87c757a9c1350018d01;10024477;Não informado;International;1
a57b2417248c7a16f03618c6a7f069918b9e39ba51a1ecb8bd00484b829b0af5;10024550;WI;Domestic;2
10e6bf86fc46ff0158023ed4567b7f61a09fb9c6cfca8e8151c6f43035a21f5c;10002489;GA;Domestic;2
52b28052c8ce92d98a5aa66f9e62f6687796ad75e90b4a4dfa7ea1a54a7ecc7b;10008602;ME;Domestic;2
790bb2c5871420a3e168abb5a1a864c53d252ca8f61ba415dd5230a911fa043f;10024034;AB;International;1
50d3573beafb6fc91fcce12752de95e0dc5574ce9a19f6c1424f4035868749f1;10016858;OR;Domestic;2
28648382674750f9298b111ae2d2f7c4b5f74146e02fc3cff88e83efe177a776;10018885;ID;Domestic;2
2d7a3060cab7f86649fdc180248bff0f4395559d1ca8160e2edac816df1251f7;10013765;MO;Domestic;2
8f7d5f543cfd007d7ee387f2043c2e6c28d0dfdea700ae48017f94ec4461ae47;10016807;KS;Domestic;2
ad6b00b95011af7171829119ab9b32af141db9e3837cbe397f2b143d42c9bfc1;10023244;MS;Domestic;2
33473f4ce970cd9218e593c55ace9f6a665c2a1549b72a140b7a0b6a0a173f81;10023516;FL;Domestic;2
52cd1d272d38c1ec481e6b8536231e33188e96387b340f78fcb73f9ce0011307;10027340;MA;Domestic;2
508fe4ad24b439d3d0ced0897667bc67c96e44b004118861bfa4ef387af54e75;10020914;LA;Domestic;2
4ed6665cd94a124d79d79b75135dc72e29bfd1ab5b0bc4dce58ad0fc0b468a0b;10000462;MO;Domestic;2
073a706abfcead66548b93f320ed5943a1bd010a1800fcc75f1732fc0e88b08b;10007121;MN;Domestic;2
79f517be45897ccd53055600667ae6a2b898cd6c63825e06efb7bfc8d6b2cd7f;10007355;TX;Domestic;2
b49c113c772c61657a72cd2d831f8ddb83655a97be86ea0fceb27ee58a2ae3ad;10012234;CA;Domestic;2
e220297660668302769e76492fbffaa461622c6274baa0e730d931032c4cc690;10017576;LA;Domestic;2
d8720f655f858639ebe964b385541a070a707679d1937b3dec7d2e3416ae9aca;10023221;KS;Domestic;2
5aa27bbcd8740023e055e747307260604ad9d330621b81f257a0abfb1429cf81;10025304;Não informado;International;1
56125747f11c2a4b1767885b6ea2aeb75f58f4aead9a1cbd928ee23be2fad848;10025248;WA;Domestic;2
44cbfda2e21119a73563bd9f32b5dc4f8b572200be6a83fa667cfe8c1fdc96d1;10027583;IL;Domestic;2
42013514fec615c7dc4d0d015c8f8a3b0b86709edc956b362df0fe4e92f206c7;10024725;TX;Domestic;2
7cd90db850a8b4d45a72426b1ab69f3503629aca5ca9f9b114fc2df9048efc71;10023778;OR;Domestic;2
22054472c192101d77aa642087377dac8346a5bab1442492fe9f43cdf9fa5426;10025022;Não informado;International;1
502e53a644677c69973d6c55269d235c5e565ed1165ddfb23e656ed28ff9a511;10012761;Não informado;International;1
55b1ae83c6c29902a6c8255be0db182dd29ae263fa38fcc86bc89afb3c3b5758;10002244;NC;Domestic;2
81b16712e7be7b0d93d4e9c97d9744ce8233647766930e526e5414070fba966a;10025241;Não informado;International;1
0d656b88e74535a2842c5115303194e31c3045bdfc774d38272129d850f78cf7;10007120;ID;Domestic;2
f6542b53c48c8e978222e5d60f133315d0a9bf6fd8da4236c9cd15265b1b1489;10011398;OR;Domestic;2
e06db1db6cf99c0957aae3783a5c9b03638ba3a338d5ab0c564d6f3161a9f9ca;10026081;Não informado;International;1
9d48ef3819fce1ed6a8bccea3bb72037335593f68313f911b36b27e0edd3034d;10024003;CA;Domestic;2
bcfaa85754a8bd4e5814141aed05106f4bf6eb3493ef2d9c31c42f4023ec7e56;10023793;LA;Domestic;2
35d7378c3bf31794c941693283e2584ba7febfd920072914a54885bb8385658e;10020193;Não informado;International;1
6ff407fac47a1f0397ee11cec28faa591a002979afa278c02ed356f4ea2a244e;10009672;AZ;Domestic;2
e9e79d94c76dbb5a50deff703994d102411f7afe9e16ca765cf58139a7d8f3d7;10026291;MO;Domestic;2
2cd48c8d244e293b2f8945261b6a8863f3ae4925e21868f6209dd21af319c374;10002240;MA;Domestic;2
b08b7d0c64b8bc3d26945ec59f3c5c58e8b05450d152cf655056284799f586a0;10018868;Não informado;International;1
a4978e1f36176baf42b40f3daf652ab762c079f4bafec6273286f8e1a6b1d1ce;10021231;IN;Domestic;2
6249e7e710fba3ca5fa6a3426a7e2878fc5a085c0e520e5b08a361823692f1fa;10000481;IL;Domestic;2
36de4aa2a7c8c6840d8ac52eb8350819553847e4ba914bfaf1bef967b65b09cb;10009669;Não informado;International;1
5a4c8b533a1e18b9a8c2678eb77f2744908b7cd1cc482850f37b7b50bfdfa39e;10018371;Não informado;International;1
043bd2069c82f7bfcac75cf59ea2f81698f363760ee11c23c970804879114a9a;10025287;WI;Domestic;2
7fe93980cca655e40f484788fd45bf7dae679080781062ec1dcee421b57d88be;10008893;WA;Domestic;2
587ae7a32eba4369dfaeaf84b7e55ef9452f903530857d0968080508c2173ea5;10025560;NC;Domestic;2
1616b5088c2860013dad346b50ecf985d7c6e78627954331568a60ed64c84dc9;10019388;CO;Domestic;2
6b657cec8638d35dbd18feba9aa1ac55388fa76e0a2788ab177b99c532f74e90;10009643;MI;Domestic;2
6dd71f311e03acdf376f89922d063f509ab043f795d3d682ee7b089c605a27ee;10019942;IN;Domestic;2
975f59d877645fd8bebee1df40c5ef84a276c78aac3f7858879e7f1aa25aee82;10025296;WI;Domestic;2
ec86dabd62eb6fbda6c1fcd35c2eb7c620be71e68129d5d3deee189d03f1914a;10009679;MS;Domestic;2
d9db3be110e8f42afd9ed49ce425864a14026bbb548427b761819e90191eddf0;10025305;CO;Domestic;2
ae2fa209f9911817383e1b57496b3c27833cac25e67c9e785bc314a0d335ba2f;10006805;FL;Domestic;2
e5919d8a0a5dc45d784057decc295eb6b10a52305d2b19f4b93eea02aca132c5;10014803;MI;Domestic;2
1f0b3562f8b463b5c8150e42895af9e6f9e1d88e5f2d7e38074ebcf2b519bf49;10019665;IN;Domestic;2
50cddf4172e2d402afebea2ae06881bcc9de9508857cf10b583a8da2c59be483;10025040;TX;Domestic;2
936c32f8a7d8587125a08c3de86994b90b125020542c75221099e45b6026e521;10006093;IN;Domestic;2
0fd78c032a4758b1346e9402154d59c35003adbb90ad91b1b1dc46e5c53e7fc7;10016548;AL;Domestic;2
f2cbe84a1e77cc75b8334e7e45e3ce5c76a897e414b3adfee7f316d8f187bb66;10019150;FL;Domestic;2
891df43b16795978b2cd08b97b1acece191e1579702bf1c63cc47094590ade2d;10011979;Não informado;International;1
704c6d7c0d235693e17182ed7e3194a116718045d94225da5f5723d9d14db2b1;10010886;MT;Domestic;2
af4a55eb6cba05c0abf164e2e2a6078631868667e74627f0a935e79834cb52f1;10020672;Não informado;International;1
da49870b6294cba686f0e09d75c86d2181a6cb0cc18bde9cb53fedb58997bfab;10025251;OH;Domestic;2
41b72994f54e4a4d474d3016f4c9d67d6b8adfc5308c30d272b08ffbd72d0451;10025023;SK;International;1
d5d9efcbcc5783f890acfdf09ed28dfadb85efe46a76223cc1af96fcd498d414;10025919;CA;Domestic;2
09ef349bd1029df61a5ce90f38f8778202520cc5cb028ae0848c4fd13aedd117;10021936;KY;Domestic;2
244fba8e36622ab01aaeb19fea5cc0a5f11a9df507202586b46b7f40b50e178c;10021179;CA;Domestic;2
d37ed1b66d76f5e0b24978e85d3fe8c2cb0963ce143bcb0d807c067d5582bc82;10023447;OK;Domestic;2
89c16bf9c9d73e5a9d3e8bad9c550235ace6761384085b054d02330ccd0464ed;10024743;WA;Domestic;2
5cc7a8abfbb39a4a0a0f7db73563529cc3a4fb0c63896ec6cb5650bae0243dd9;10010970;TX;Domestic;2
5c72b304b6d2cf2537071f8d6a304e463eea9810ebf18d934c9d1881e7a910f9;10004255;Não informado;International;1
ab743a1518ce5efb694b6d8223c591f519f5bdbd4b911843d36cc488016f953e;10009156;IN;Domestic;2
1c584047819915a2739c7dc9c1c82fd67b3c57adfd72257a8bfd570a33e06b41;10014471;AB;International;1
9c07d41c146d1cadaaa6caa9193afab21561a59274b1180ff632ceb315233e09;10025243;TX;Domestic;2
c774c63851f9ebb61f751f54d8d45ee90c8e66ad380f5375241e71935ce0f783;10002969;VA;Domestic;2
f991a403fe5f382cd261c184015ae0540efd612714f2897d6e9ea6afebd71f06;10002220;BC;International;1
1ac4ac72e262bccded4a520e577383bf3357957b19b2f918086064ac4e57bad3;10015789;Não informado;International;1
885c9e98e73d397ea30cf16811e274d78cf8642f32e18fe64e14aada0aec41a6;10010884;QU;International;1
c900c3eb4a8bf644f7512138f5903cd39e66267e37513e3a90684b53b6079c1e;10020931;MT;Domestic;2
2bc663b41e4ede560142ef04f54d9557c34c7c00af7fb946f53f13b7c57c5874;10009606;Não informado;International;1
6d3d11b1824417c5d6f9518d4ef243cca056e964b3a445a66f6c0ef58eacb2b0;10020663;NV;Domestic;2
fdd2f1119ef0c75721335dcba2ca9b6ddbfbabe3c3c171ddee622c8e1e547567;10021222;UT;Domestic;2
6353ad789aaa5ce075a045346a55e5a24b8470b07038bf415e93221d39308b80;10004245;OR;Domestic;2
3fdf0c32a33c1d16df664cb9c650a81404c373d736bf415284f0fd620edcb263;10025033;MT;Domestic;2
f6a1f9ba3bf359aa94ecc5ae8acabe68bbcdd71b5860c93488788afbaf7baa1d;10021485;MN;Domestic;2
976f7b55bbd6390bdac897d38271b1c1ee47311b3f4059cf2facedb33bc59886;10009907;KY;Domestic;2
d80485867de3217563b20fee791d367597920b00e00da9ff7cbf96e2ff674a8c;10017036;MN;Domestic;2
6d39e38b5f8b1df865c20364ba9d5d4cd94515508af7352c147b95026a290169;10013011;Não informado;International;1
8e5c263a78a92526cab7058f3e4357b04b8ced899af5b71372aef0dbf04ea5b2;10011734;GA;Domestic;2
6321ac6157ed61f352bdb825c76fec941c24fa2d09ec2dca41aa1ed647c0f633;10027572;NY;Domestic;2
851f0d123c7d3ba494c23771e361398c8ddda1fe9091df71ca2186e7e49d8a35;10025291;OH;Domestic;2
536f2c4216fd6d9a0c626cf262dcc08c2a8352787f980bf05cfaf9b74542aadf;10024524;IA;Domestic;2
0b83d9fb6c4317882f5f69c1b47cfedd2282d6ffbe857d5ea87e523702074ce5;10019913;AB;International;1
e952dcab9e66dbeef11b37ed88b3ac7495cc83f37718956f4b9a2a006108ed62;10007577;NJ;Domestic;2
74ccb08f5c61f83f5168ce4d73b0115ce1351cef7db47f4009c112e60ef1ae5a;10025252;IN;Domestic;2
05445de05dec11b03fb4ddb30c8c26ce4cbc80ef33c45131eff57269dc05cfc2;10009631;CA;Domestic;2
28489418da9e72d8b88d0bb157cc98ed617ea0f91d917680ec0338162180a6a7;10014047;CA;Domestic;2
e3da42b6831c9b5afb55e3385ecfd637d152334794885d178ea3f812ba50d1c6;10015275;WI;Domestic;2
9bc61b098b4aeb6c329f6e2e2a5b53c5686519bd76c179a53ddc42a9bb21e789;10024262;CA;Domestic;2
b8132be92ddda5654385624786e2366aba73e42b35e7197d0e875502b0128c37;10016549;FL;Domestic;2
ba773cc8985a363c9749e3b4b7d74a795195a6f2bc93beeecc62c93f4bcb6a0e;10025034;CA;Domestic;2
bed43242250c6c2e500322eb45832bf499e0e4f9a16451e28df434a5fd9dff72;10020181;Não informado;International;1
2435eef162fbb270cba8276bbc0798f96692b781a5c2d28c475492ea60acf737;10025771;MD;Domestic;2
8ba4123f2eea5c322ef79d15a02c47180607f73d452c81864295d63fd7fae3e1;10024009;OK;Domestic;2
f5b525ca123a2577b03c9e22054788fc7fe7a9dbcf5e72c1499dc0d7b7b58452;10009633;Não informado;International;1
0ef5ad508c760591caf30840f4b89334364f37ad6faaf4b1472aa29a871be9f4;10027575;TX;Domestic;2
5f74d0f6d4cda044ccb32de5b201b44a3b040c2fbc00436365dd057fa696be5e;10011724;ON;International;1
14a9051280b7d7237049ac7e9365d251dd6e124bc2a1c262c83a44aeae3c0fcd;10023715;IN;Domestic;2
35e5f7d9f37f7fadc73dfc09df84c4d7e010db44877cc09d4ca0d147c11a06ff;10016047;TN;Domestic;2
48ce29c1d6ee9c606f3357269d8c0f025a81ebdb7787127fb0d16fcf6f28c583;10007117;Não informado;International;1
67b36d593605b9bcf407861c785d57cbda76c738f4ce726602f91e1a6a5f9746;10018146;AB;International;1
fc870404c15b00be31dbab5a83a26bf22e9c1b2852fca737b56826e7e3b53287;10017638;VA;Domestic;2
95a5d3c183fdf1022e046672201f72db3701f7fbab750ac18a3ca854bef8bc1f;10025061;OH;Domestic;2
7bd7608221a3be970ada9141667765ce9649a8358b113906625cf8599e880d8d;10004302;LA;Domestic;2
eeda79b174df157cd7e4befbb0d10c003d4db923f0a1528f5c49e1698cfe8177;10002765;FL;Domestic;2
78bd1b4c3ec5d283ad58f8a65bc68f3089d990a1b9559d8776c1ac1e6128664f;10018628;OR;Domestic;2
9e7b366e4aaaa1abcbde3546c91d75262fd0788191d5366e4edf3130c07a437e;10020393;CO;Domestic;2
942f338f9f113695310bf660385ef37c3cb1fbb875b60383a5ac73968d6dc807;10009885;MB;International;1
bcdf29681ae0610cb736a3085b4171bdd265c48c2b1f15927099a681491c638e;10019109;CA;Domestic;2
01e1a96859253bfd697a099149c957924dfe2adf14da23a0bd5b86d4498984ac;10025264;AZ;Domestic;2
c1f96bfae1d221cf8ceda395222262ef077083b8b9f9e6a8cd1eccabc6964921;10022764;FL;Domestic;2
31ee9f324a350f49e8b0c022ad76ad444d3ad1c9e58412feaf099f75b4f315c7;10017585;WI;Domestic;2
644f48fe9afe8dd6d2240c4c2426c71a92c5a490d1802894130d921215ac2c96;10010923;Não informado;International;1
ff88d7eb6a08c5df046516a76d5149a4db3e5d27a2e1b13921b04c2b694421b2;10026299;TX;Domestic;2
de91c6044f7d323cdb0ed483b4a6774cb33e5e23791ff536495d88f50c602060;10026521;Não informado;International;1
eeca12f580443282807bcf2a2495dc79dc09781727000394a61e0b34682583ed;10002526;Não informado;International;1
259073d0604f091714ac7f2d16640d3ef310f164f3753c1ca4efac8f14ea5de2;10019900;CA;Domestic;2
910a3ada60609d19248e7a3ad0094cfb27bddd23edbbe1c720d558642e8d788f;10017553;KS;Domestic;2
9a9bba3de5e9ac8b7805a009e2b201d150048ad7bddc2fa4fd2dc1714426c056;10025508;NB;International;1
fcb0cca94307db68be115920e9f776c0874330d182d85ff8ef19b15ca029f7fe;10023022;BC;International;1
80b6e848cf3ae9fdeb74dfe91f871bab31a106b537c96e639c14af9776e117bf;10000458;MI;Domestic;2
3c1d83876dedc585733e48059816a75a20cd436b281f119728f1dd778a33a7c9;10024999;SD;Domestic;2
7f61da729fc97df318370376977d57899503ec7023d0dbc99734473cb3ed9dd7;10026006;AB;International;1
c7d57504d7669cbc14dfdddd36ea61d76ebfdc51a77b2b95fcbafe2ff8dac318;10026522;IN;Domestic;2
0cba35bff1497abb180b0d7e6475cd0087a0784040302377b250568763cff48a;10025036;MO;Domestic;2
148b6db4347e9622207b8ee4d6558991bf3a2b6c7198af0209e98a5f87cb7ce4;10007564;TX;Domestic;2
f2d3b30ea1fa480b159915f73de514379bc25ee7d9468ec63bf7df972c08ee33;10023703;Não informado;International;1
44f9bee20de344883d17137873f56d9cd33e646a3af6741574e3aedd300d65a0;10021204;ON;International;1
018f646b4c47747031024ddbe8ce34ed34eab7524d44c6f3d85df7b05dc418e4;10011198;MA;Domestic;2
53a620049e5aeeb7b7e075acff6f4cfd4d852fe1e55a6abc9439289d68696ef4;10021986;MI;Domestic;2
78b7128f21e71b1d123ad3b3abd3e4b2d944a72a400affb26b36ee71633b0525;10011732;Não informado;International;1
7e4d5db14d2bda391247ca2fbfbf80bc62950c1d1fc5143b374bbf508c3534d9;10021139;MI;Domestic;2
ffb14b154e4df3d18a247d9f3bf2ee60bce679e53d915b9204d32fd10f3c1233;10009652;QU;International;1
898f5e2d233cf40d795297a48250747d20f94a5cffc4552d986b242a2c4cb69b;10016588;TX;Domestic;2
1679e776d654b2279cb865c62605735196d8994372ab4f65a22aebaf6131dde0;10025300;NY;Domestic;2
9286b944fbafed03da279deb2a2579d7843df9617d7cfb377a44031ccbc8b077;10022444;MI;Domestic;2
f352789bcd49e23558666eca27683191f976b7450fb0ab2c303f4a2e5e10546a;10023275;OR;Domestic;2
1a43d3fd479c640b7726dafe5c200a81d47255223a41522b75c51394da833f74;10005006;ID;Domestic;2
2139e198a9df55361bb2a6ee7eb7c796be4269fe29d4bd241eecb7c9d3628302;10020448;SK;International;1
b7e8a92e8acea3e0f514406a614a443bd3a34f7b0d95ab5cd2fcff1ce00bb218;10014779;NJ;Domestic;2
20a64ae1e9f8abece67c5c7512c17016d84fda683e602a9da44297221e378a29;10024541;OH;Domestic;2
0c97035d2057b04f43b7705bce2d30c925cc55bb46cce7dfa8419789b77e473b;10021996;PA;Domestic;2
ec79284a92be1e1a2555ecf228a626ba51b1704da4feae1ba2ef183a3b426e23;10025558;AR;Domestic;2
8e4f4461061f6f2b577407ebf0c368ecb0b5d76cc0a6bdf604c87368566c680a;10021470;PA;Domestic;2
b51941a60795f121b75b8d0b328aa5fb87f2e801879462233ce43f2adfa7e068;10023511;Não informado;International;1
1dd5de9ae541bfd527c0d9bafaf60a4ab02f0eee2fd9d767661444eae39e1168;10009697;FL;Domestic;2
923038ab57ec11ee3fe6d22a6bdb2b3e135d6e5f21f9cd2fd3fa763d544658d8;10020184;TN;Domestic;2
3cdae08986eadfe94f029586b07616595067d643c80d73873543233b59c3185b;10000472;CA;Domestic;2
8c19c50fe168be52616fc3740efe30126ad399c56b5d81db44037bc7160fdd1d;10025571;IA;Domestic;2
9f87c8cad30128153c35c8fc6876d24734b188d134605e73b9d2db66cbbafbb0;10009985;UT;Domestic;2
d08f4d1de72205073921cab58d7505cb33b75b0804e065e6bc3c96b808db7af4;10026078;OH;Domestic;2
e88aaf5abadfc36209cd1a3f162fb68fbcdb17264cd161d66b78e263a28bcd69;10022725;GA;Domestic;2
70f2af031a1312ec76dc9cda23b077aa7c02e47e51ce8e710cc1a1d61ddac99d;10026348;NC;Domestic;2
70871218c706e9fadd9bf0a2e2431b8c7a36affdbc825bb6b3a57f2adc12136d;10011521;MS;Domestic;2
54e831908c033970c728a0b3a0ca34613c5de96ee948c2bfea32869f351ef5d0;10025583;PA;Domestic;2
c3afaa495fbb8bc2ce415a1bd2d99ea6693c0c053321077f9ec7e95fbbd1a88f;10022168;MI;Domestic;2
f99882e29b100d1cb17234c8684864adcb364a2f223b9d285f6b68769199825e;10025032;QU;International;1
d843997eff5bfd28b628c35f52772b2184aa75c796a439319d1299468400d4d3;10025249;TN;Domestic;2
9eb87d21bc58afa76d1ae8de81429b9a59298f195c7db2b219c172eed81986c4;10012715;PA;Domestic;2
19cd6cbec221f7d5e9a57c567086060d21739dcb9d7187de201bbfce41af5079;10026843;CA;Domestic;2
12e354ddca2716da65a5a51c42d39cd4f61a63176d376326b3ff147ddd49ecf8;10020639;OK;Domestic;2
daced0d63e770caed9e2d95152a8a9b8bb76cb8b3b8d24c1426df805642fa34e;10025814;TX;Domestic;2
b6dd906e7e20fcf973d1996b1db2fa3b0b8151fbf124a694ce0a88a64156fad7;10024499;TX;Domestic;2
4cf2979e65970009669b1996a256e11317d5e9743a1434c60386c1bb8e7e09cd;10026861;UT;Domestic;2
b6ac0fafe3c7ff23c5dfcc6b77931cefe83a8de370ab909339be594977af4e4a;10027356;MN;Domestic;2
cf960891e98c0dc1ff8f13099f730eff5021e0ef77bf684f9f9e4e9e5b74118c;10022240;ON;International;1
5243904694c26abb1196a68ec730533d59f6877a8ca2d46146c207579a36fc2d;10027370;Não informado;International;1
bf39415295322ffea27aead47bcbc629a384128411061c03cba3efb86e820471;10016045;WI;Domestic;2
fc61608ab0c3c4fae6ee31ee401ee9cc411a6ddfdb2afc370a92071280788a05;10000475;NC;Domestic;2
e08a8046e5c6039a50efa4581387415419d6864c5e04eeb878260b16311bcd10;10025269;KS;Domestic;2
0411f6af08a9dfea308465d1616a8f51e1107b221999a3a69e11844b2700fd10;10009653;ON;International;1
7067c218bddce6864acb269235974554a0d00e30bca04db46954e2c7600e5a38;10023780;Não informado;International;1
89e1fd61c829a3ec7f325a497169b2f688830b483404875650947ad9cba897ae;10013232;WI;Domestic;2
fa131dc9461ef57ee2c26f068054a82e7e0d5f77061f1e5ea3587de4897cc958;10017314;TX;Domestic;2
9c94df376684b98c0d669c18ba0606a96d8a04f199d7cdafec6ae528eacda806;10000474;IA;Domestic;2
ab91c17dc39409d0b51ddc0e23dc24b2c21374cfdd5fa9dd537ca2198f65469c;10014533;IL;Domestic;2
c3cdbf6d2dfbfea5a846872ec6baf85b901ff8ec5f1a294feeef87e575aaa37a;10022730;MI;Domestic;2
26cfaba6e2d1d646c64d6e1ea9c808d61d43cb348ff32afdef42d53945f66070;10025552;MI;Domestic;2
948c279c992af451e40329747f3731e575cccfa301db2dcc92491d5a90422ce4;10009863;Não informado;International;1
89cad8db909926bc82e384d88bf2435793c96091988ac9520382ed4a30bc5326;10010969;IN;Domestic;2
8cbe29e7133ea86a9b54400e5da9ab2b953b7d4c053e4b50befdf06815058745;10000469;QU;International;1
8bd0eac09512056b8362bd9c2331cbf5f0e35a5229943b191b6e29b0d31fcacc;10009639;Não informado;International;1
8f288796d6ab333094b4dbc63d8f35e7f8fbb3d2c3a7de4735d2e9508c5ff8ba;10000455;CA;Domestic;2
dfe23b1fddbf2406620eb6229f8adac9d73c9f1a9a97286c8c9073410406356c;10021422;CA;Domestic;2
d660b291b593dfd6a4fc36f8736768cb6691074b86f9436924111e43ad7b2070;10022750;MI;Domestic;2
dcae73767068ae6a9350a35f8e710e44b5c16760150b9fc96f731ffbd156f095;10022423;OH;Domestic;2
d1ca54abebd93f755c25f2ef118e022713b811de906daa85d36ee87d3388ff19;10013252;TX;Domestic;2
ff2d9cc7660ee3769f7bed8c1b4601b7d67e5a18446e36e848a3233607bf0251;10009654;TX;Domestic;2
66c7b2ec38796d51f8cd2ec646a188167b432a0b59bc7adbe335f9eec5a4e672;10025021;WI;Domestic;2
f8ad7c0b692084f4273a71073236e8cfef2a153fc94f6e93f4696d138eb40f90;10016542;SC;Domestic;2
c9e2ae0760ba25fb359f012c624e66c391f2595ec6666e5841129aa12144753e;10026336;SC;Domestic;2
343c7924364db5b1a56e34d45bbc84748c0eca243cddf27f0958cea3b2e029ce;10000480;AZ;Domestic;2
4547303ff06cf6d20ad86fc24fc82bff5a763a136762f8ebbaf258cf1044f3fe;10025549;PA;Domestic;2
63cd57858c25e067e1a31ee713d768e642c80427a6c29246364d4c65d07f109d;10014264;MO;Domestic;2
d2c249361fb0f2f57d86a020f8acfb01e30ca23e7684bbdc3aae0da2b3298ac1;10025246;MB;International;1
61381498ba41c1a1bad6f720bf80aaacbf46de8b5a536dc963ccc082ea1628de;10023003;MI;Domestic;2
547c3398bfb9127beaa6a7c74822d50b92d9f9fed2a39f03909d3c135788d787;10015495;KS;Domestic;2
e2e88ed805c05a5b858497d2c6080ef4fda51cf783b1ecf20914f0561fc730d8;10027560;TX;Domestic;2
cfe7b014b0b9701988947dedde1c1c5dd09edfe3915f77b8610aa464d55f6f10;10014495;OR;Domestic;2
b5b8a06d2e5d425c63ab51bf9c2b15d1e45b04ac3256799a2583b39c23c46c2e;10025238;CA;Domestic;2
e96b8da9f19d21c6793cabc3c09955a1c3520988e6adc62f4a06c133e62aae5a;10026581;GA;Domestic;2
24fe46575e2b0a3741f804ae5876b63b71901aeccc99d95f534b2613b9f072fd;10018623;MS;Domestic;2
5d0145b2514c54a324e3588d5432ae4f1491f40a0f033151587cde8a0e501d34;10014810;OH;Domestic;2
b6e182041c2dd8cc63a8071b7575ba85194d9655a83973f3799485092f3c86a9;10025495;AL;Domestic;2
b571dfba4493e1d955e057898e00d2f2645e49bda6aa285799a5fb355ae119a1;10009642;IL;Domestic;2
3143fffeec9f042e8d4ecd4aac7c26a06c3679e6ad718edefe3a0aa96a896b39;10020192;CA;Domestic;2
92be4c2117595a37eed46ec13d0d4fd83dacca6d5a522ee0579c6aeb8c838976;10022678;VA;Domestic;2
fc05bfc70d35be3c5c55dad7760bdae28e61b02dbd23e070e37f8fd8cd3a8cd6;10009660;GA;Domestic;2
1cf63037848227af5d1c110e2e3afc5438675a4d264f548655da84d168f60ee1;10011997;VA;Domestic;2
d0cb63009f3309b30996faf2a29b6a19c1583ec00cf5f5c023ef511543fb1bea;10020927;NE;Domestic;2
b27d2fb2bf55bcd120cd759715ce05e1f387380ff3fe3d699d34e891118ef905;10025242;Não informado;International;1
dac007dbfeab20c494ffc5a27b208f770633b410b66dac2f4ac00bf66a6746b9;10006846;CA;Domestic;2
717e1326b042fb43fa0d0ce6e701f163a89a4a488f9cf98a81fc7ec4e1f8d959;10020962;PA;Domestic;2
6dc9511b0b53ba20cdcba4dd3e738ef1195e326015091e796f51d6c854bd054a;10019682;SD;Domestic;2
f95d85ad110a8580dbfbb1f0f75c8e7d7b4f141d7aaf3dc54013ab7aa0e7d8a9;10025284;CA;Domestic;2
08f2561473033f1e7b8fa91c8bade82d4c490621cd0ebd377d17f9e00a1c5ef5;10022978;Não informado;International;1
709ec877137b66662359e320d1d6544ffff2bc6893614b834072f3cc3b6e4d42;10022732;FL;Domestic;2
865b5e39d07c58dd191bbac0f24fbb2ddbfa70c5e562ebdfb2874b95683f3118;10023759;AL;Domestic;2
51a8fca70850f484abddf7f4b5e69146fcffd8fd0e5acfa0068564bf59918cad;10023489;CA;Domestic;2
eafaddc27f578d399710141a65faca53bdf8e2767a68793665378d1e69e21b58;10020388;MD;Domestic;2
6a299d006ec4289beaa278e60ab19c497bc9a3adf80aa57a61ca9204c6326f63;10025302;OK;Domestic;2
2fd5d5ffe314931d605dec63bbe52daaa346a477a42e2c31c46158ca8199d5dc;10025575;ON;International;1
6cebfcafbc5153a99ccc53ac6851e15056d1f3e11b7dda6ea5b16736b6dd3853;10021158;BC;International;1
9be997b859e9c742e9a1c0903387c2f073eb7e8204b4fd98256b8ac129874086;10004516;Não informado;International;1
ebd2d212205e94ff6c2968141f7b44feb2fd14ab4d4bdc6bee1c5280862987b5;10025299;QU;International;1
906cc18e8f2ff1c701741a66e2beadaa6b1150567daac6cb6bb0cfea626a31e2;10025049;OR;Domestic;2
797c1afa05a5ee99f203b3f1689cb9f02d16f317b3e57163d056aac1cde56140;10007123;AR;Domestic;2
c18a7416ea4809e000892f263d669ad83412c1585dda323ca4b6bd88d54baa1e;10025791;OR;Domestic;2
ce053d3365782645b8bf802ed6ef350fd74f5ee4b1259f77896f3239ca926736;10024255;MI;Domestic;2
69ab78de31d834994a6d553d51097251a2e56b7304bb794f9d1cd7551d9d5587;10026062;TX;Domestic;2
161152de17b1bdc45c502b83664a99299230245d5356488d085367a7246e50d9;10024260;WA;Domestic;2
955a5cecdc1211bb728ff77ea19beebeb5131b3308b29eb70db7a4c240ff6cff;10009650;Não informado;International;1
98715c2c9532bcbf10a5c378fb2ce23554d40b3662035e584c1d8cfcd0757f31;10007309;Não informado;International;1
b250250cf564d41c0a08a19222ddcbc7b957a1b15ca827226d8d72a4764b03be;10025062;NY;Domestic;2
24828e806a6d6b1cc04f4b0a7d9768da732e7bdf97a54690ebb3549b93028708;10025052;Não informado;International;1
9f8186e184ff3a47d2428d50e7c71fb79edcfc46419e57362afe40ebab40cda4;10025758;OK;Domestic;2
c8bdc46cd9d62ec25142553fbaf9d4c3e06ccdcfa48ce14de15f4707d5c66727;10007566;MO;Domestic;2
14dc33b9248f38974a70dfb1bdbd4bd28b8e529e3163811faa8c3cc0d1677aaa;10020390;MI;Domestic;2
8c21561a9f91b2215a71d3feb0c0f9d6c34bced86271a3902353fe36f3e92bbb;10010906;MD;Domestic;2
869e3338ab6ad0746d0c920eb7e99af6ceb10be47208fc598f6a450b127e63f4;10010887;AB;International;1
d61d1ae76b8578f0ecfe8f8ebeccd2615ce703ca359f300a30e86454bbe94cc2;10018867;MI;Domestic;2
b9f2d9396917b883441ea8b11749baf7be0ab0cf7e3517925b56867baf739f0e;10013188;NC;Domestic;2
345fb669552fceca7fc0b706c8b1c32c74ab9d12a900ee1dea89592d37d5eafb;10021911;MS;Domestic;2
f00fd8e00c9bdbc7f61b5e333221400af7183219a0cfcdde919339ae3156b5a3;10019400;IN;Domestic;2
abc30ce3a9d9b24e02adf54f31f26c147e17147e9c21754e6eb2177f8c740ef2;10022470;FL;Domestic;2
0725c8ba79229f467153d22bb460e2ec698f90c447a131967435834100a47edd;10017054;MI;Domestic;2
59260ebf5e6ba2d76ece85945878886268ce55c3c90d6c7fd6a6c46c48fc9e66;10002746;IL;Domestic;2
ea3fcb78da3c0c4a2945d9ee44467dae3163670d3348536b962db598b8cf5506;10013238;WI;Domestic;2
254985dc771919e5d853eb80da7ddfe861518d90648becb472724e6f3ddee256;10018603;Não informado;International;1
16a04b8a61e616c3b7d97f6e4999e67f003a802f41d46b0d13875138a496f58a;10009662;PA;Domestic;2
8f1eee6b0149e502cc4997a622fe0b3228145c5278027665a8857ebd4b719296;10020915;IL;Domestic;2
7720ff6fdc329ca9d6b551c79daf02498e459d2e695f95caf56f719bcc473485;10017072;IL;Domestic;2
3b65e6e442b4212fad89fc3df6c22dfdfae811c30ad5db11bbeef45751beeeb3;10014804;LA;Domestic;2
bd559380262ee88209ebbb18e4db95e30fb772da515a52a266f6f4c60b1fe817;10023241;AR;Domestic;2
9794ae61c1b1cc64fb75fcc57bcb3636440aae697cef4bba73a18c8f1e753ab7;10027381;WA;Domestic;2
fac95306270c6a240d6f5e27b82134ba7c9bf1f4d796fffb688b74f92b8ba121;10019678;CA;Domestic;2
db74c957ba49a12d90457b0057c4ff1af10fc9b8565b68c672ca6a42d21dc047;10024010;SD;Domestic;2
316040f27f9591b54ca9bfc3db49ba6c7d8b40df3c188be3a113d4a1dd5edaec;10026560;MI;Domestic;2
29dccfb4ca3b58e594aeb582676e600c9ebf625b61ef1c24631715c6beabe6b2;10026868;Não informado;International;1
d09edd04b717bb15aa73e1da912f6e13a4e2e7bf7d3a922f751c484695cbae41;10017307;QU;International;1
360d5fe56ad909127e21fb95f4edcb80ab13c8dec303f0e393703d8449cbc5f7;10020449;Não informado;International;1
4c8eeef6d34839e453aa37441af24e5613781adf8776fa65524118053f20d9c1;10009623;LA;Domestic;2
fbcd8e2433fb77c54ea3fe116193afd7794ea003bf3a612f29a366310bdcc9e0;10015030;AK;Domestic;2
053fc0f411f44e36bb9cae1ac051b7af6562ed0e0379addf0b01b0ab330f5c3e;10021145;MS;Domestic;2
af01d65e3e6938836db96eb79d0ef788014fd59e956592cec38d1092e1571b78;10000471;Não informado;International;1
f1c9e2dbf9bfb83bd99a8d31fe42462055972458530f6df46099b2d6193bfb1a;10018580;TX;Domestic;2
2dddcf135a49bacad2793be57fad066890d98a452cfb4981570df595ceeda787;10009656;CA;Domestic;2
9a74ebd86adef3aee7cafc546fb3a56c1f60d82d808dfe4fdccbcfbdf0958156;10021223;MI;Domestic;2
c1bb180d90dfeeeea9c7d6db02f1f9b6868938e5aa2d9fa09a504ab1352eb4ec;10021977;KS;Domestic;2
5455b20c37abfffc64d77f1a47a2901f8f9fee54c026d1d9f5a879cbaa0a763b;10021203;CA;Domestic;2
ac79fc494dc9e5bd8f16ad1b2a6e8fb22b0e4ebd1b8c7f14cbe794e33f119fcf;10027348;FL;Domestic;2
a394560a9bc62d1039b81c62b9650a467692eb73f13ea85a2cde0ed0730e3329;10014469;MI;Domestic;2
7f96c1131500f6916f61239b5f1e3db8ad401e45aa902340b84a67a0fffddf15;10019880;NJ;Domestic;2
1f525b219c7bada32ae1e0e1f12836c908d1ef0da736f550bfe4d0d7045b3702;10024016;Não informado;International;1
2745af89f653bd6451490ebfb58e45430f09bd2edd2e2edd07ceff44a0b31e4d;10022252;IL;Domestic;2
f492de3f9992165261dc470b047184917c97ba9f1643eb0d54a62c8d1917feb9;10009657;ME;Domestic;2
e7c9c790b77b03f295bb84c78f68330a628f83cc2908d691e93e0160234dcc57;10027082;AB;International;1
9286d05be1bfcf0cd023134208de4938f5dbe4abfb772a0f4e71773df6b7dacf;10014546;AZ;Domestic;2
3ec096d11838533906fd5a09491bcbdd24d2f2e2516e01f942ec8a1c8b1ee59f;10018871;MI;Domestic;2
5ec5864da9127b9f2058c59b3407c5850c8441c577f7d8065858df7fde20ebf6;10016609;MB;International;1
88d48049298d575d55ce8c44eea1ccb45af1f8574cba8d9b8fa26be9df2a4b01;10021472;BC;International;1
3536685cbc5b877fa1c77972dbc8a437d701450a4ff148ba285881d2a19a768f;10013509;IL;Domestic;2
35e390192e387882085bedd9d64c22b357a10bb899164b7358eaca9e2b40ae3b;10019897;TX;Domestic;2
1a94259abf097726b32c1d493887636cb6f22ce80e915f06ef19954cdbdd4b5b;10023212;OR;Domestic;2
0afe401a67dfbec5a4caac32eac4c8d371f39fb1dabf52e1497c97d83886ddd9;10015793;CA;Domestic;2
9da06e3bfca5e79959e0183220d57fff1dc6adf5971b5c84602b2241bcc1e70b;10020446;MI;Domestic;2
f8a6e00437221c0af27bdff7b803d62e7702dcebfd95b65e5251bd8f4d4435a7;10005043;Não informado;International;1
360829d8423b475e2c8012e2faefc8825794d1ef7244894819bf4a6ee43027ff;10010897;TN;Domestic;2
